<?xml version = '1.0' encoding = 'UTF-8'?>
<Diagram class="oracle.dbtools.crest.swingui.relational.DPVRelationalSubView" name="From_LM_Logical - SubView_1" id="9857FFA4-7BDF-FF07-3540-AD9680D943D8">
<createdBy>cami</createdBy>
<modifiedBy>cami</modifiedBy>
<createdTime>2025-09-02 03:02:08 UTC</createdTime>
<autoRoute>false</autoRoute>
<boxInbox>true</boxInbox>
<showLegend>false</showLegend>
<showLabels>false</showLabels>
<showRelAttributes>false</showRelAttributes>
<gridEnabled>false</gridEnabled>
<showGrid>false</showGrid>
<diagramColor>-1</diagramColor>
<display>false</display>
<generatorId>824E8ACA-17BF-93D0-2F9D-E83F08A4DD54</generatorId>
<notation>1</notation>
</Diagram>