<?xml version = '1.0' encoding = 'UTF-8'?>
<Diagram class="oracle.dbtools.crest.swingui.relational.DPVRelational" name="Relational_1" id="B8B41F5F-5A12-281F-66BE-38B0326A5B93">
<createdBy>cami</createdBy>
<modifiedBy>cami</modifiedBy>
<createdTime>2025-09-02 02:26:13 UTC</createdTime>
<autoRoute>false</autoRoute>
<boxInbox>true</boxInbox>
<showLegend>false</showLegend>
<showLabels>false</showLabels>
<showRelAttributes>false</showRelAttributes>
<gridEnabled>false</gridEnabled>
<showGrid>false</showGrid>
<diagramColor>-1</diagramColor>
<display>false</display>
<notation>1</notation>
<objectViews>
<OView class="oracle.dbtools.crest.swingui.relational.TVTable" oid="26C69F97-8662-253C-4FF5-62E871A0CA09" otype="Table" vid="1E88519C-7AAF-B98C-433B-147EB531E1EB">
<hideElementsInCurrentOnly>false</hideElementsInCurrentOnly>
<bounds x="337" y="166" width="151" height="84"/>
</OView>
<OView class="oracle.dbtools.crest.swingui.relational.TVTable" oid="357377FE-2902-E466-FD48-9627805C8651" otype="Table" vid="886DCCA1-5328-F0C7-FC31-1FC959ACC632">
<hideElementsInCurrentOnly>false</hideElementsInCurrentOnly>
<bounds x="42" y="394" width="192" height="121"/>
</OView>
<OView class="oracle.dbtools.crest.swingui.relational.TVTable" oid="602133BD-4C82-C648-9434-2D0B03A3BE34" otype="Table" vid="6A4F8A33-27C8-E16C-0466-A7CAC454A061">
<hideElementsInCurrentOnly>false</hideElementsInCurrentOnly>
<bounds x="161" y="584" width="181" height="107"/>
</OView>
<OView class="oracle.dbtools.crest.swingui.relational.TVTable" oid="937FD64F-207F-A61B-97ED-FE62CE0E887F" otype="Table" vid="21AC7030-A2E3-4D65-2DE8-6E4528CE74FE">
<hideElementsInCurrentOnly>false</hideElementsInCurrentOnly>
<bounds x="325" y="109" width="256" height="174"/>
</OView>
<OView class="oracle.dbtools.crest.swingui.relational.TVTable" oid="9C82405C-BE26-A430-A3AD-434ACAE09A45" otype="Table" vid="7DE187F1-1006-C23F-5FE0-FDDE89A6E470">
<hideElementsInCurrentOnly>false</hideElementsInCurrentOnly>
<bounds x="86" y="113" width="235" height="172"/>
</OView>
<OView class="oracle.dbtools.crest.swingui.relational.TVTable" oid="A8EE0D4F-FA16-8877-6F80-0EEDE6A7F407" otype="Table" vid="00D3C349-9E46-5016-CA13-A0300183B350">
<hideElementsInCurrentOnly>false</hideElementsInCurrentOnly>
<bounds x="405" y="576" width="205" height="117"/>
</OView>
<OView class="oracle.dbtools.crest.swingui.relational.TVTable" oid="AF8C65B6-4640-1ABD-DF61-8AA83AC3E42F" otype="Table" vid="B7B84CE3-0D96-1618-C67B-539D79AFCC42">
<hideElementsInCurrentOnly>false</hideElementsInCurrentOnly>
<bounds x="603" y="115" width="155" height="86"/>
</OView>
<OView class="oracle.dbtools.crest.swingui.relational.TVTable" oid="BDA53A44-D112-AA50-0204-998B17B1A74C" otype="Table" vid="83401A90-AB55-9344-6AF7-D9C514668BAF">
<hideElementsInCurrentOnly>false</hideElementsInCurrentOnly>
<bounds x="21" y="25" width="824" height="323"/>
</OView>
<OView class="oracle.dbtools.crest.swingui.relational.TVTable" oid="E25FA8F9-9DD7-A6EE-DAD7-92F300478BAD" otype="Table" vid="837F0B0A-977D-1428-E5F4-09677D99893A">
<hideElementsInCurrentOnly>false</hideElementsInCurrentOnly>
<bounds x="565" y="382" width="211" height="116"/>
</OView>
<OView class="oracle.dbtools.crest.swingui.relational.TVTable" oid="E3B4A3CA-AD14-184E-BDB9-422F38A611EB" otype="Table" vid="D512ED74-9754-9DCA-0A8C-E11619640104">
<hideElementsInCurrentOnly>false</hideElementsInCurrentOnly>
<bounds x="182" y="202" width="129" height="73"/>
</OView>
<OView class="oracle.dbtools.crest.swingui.relational.TVTable" oid="F58057E9-E2F9-EDEA-7D90-ECE45A36631B" otype="Table" vid="D0F9CB72-6F26-EE5D-CA87-A43A3F19CE95">
<hideElementsInCurrentOnly>false</hideElementsInCurrentOnly>
<bounds x="417" y="189" width="151" height="84"/>
</OView>
<OView class="oracle.dbtools.crest.swingui.relational.TVTable" oid="F6026D57-8DB5-F356-E9EB-F20EDDCA4859" otype="Table" vid="3CD7936C-ED64-96B7-6F4A-1904340AA88F">
<hideElementsInCurrentOnly>false</hideElementsInCurrentOnly>
<bounds x="94" y="161" width="150" height="87"/>
</OView>
</objectViews>
<connectors>
<Connector class="oracle.dbtools.crest.swingui.relational.TVFKRelation" oid="09904048-28EA-5E75-0EFE-CD29B2C9400E" otype="FKIndexAssociation" vid_source="7DE187F1-1006-C23F-5FE0-FDDE89A6E470" vid_target="3CD7936C-ED64-96B7-6F4A-1904340AA88F">
<hideElementsInCurrentOnly>false</hideElementsInCurrentOnly>
<backgroundColor>-16777216</backgroundColor>
<lineWidth>1</lineWidth>
<points>
<point x="321" y="204"/>
<point x="94" y="204"/>
</points>
</Connector>
<Connector class="oracle.dbtools.crest.swingui.relational.TVFKRelation" oid="2A7896C3-AC9A-AD6E-5FD6-5E16E40359D4" otype="FKIndexAssociation" vid_source="7DE187F1-1006-C23F-5FE0-FDDE89A6E470" vid_target="D512ED74-9754-9DCA-0A8C-E11619640104">
<hideElementsInCurrentOnly>false</hideElementsInCurrentOnly>
<backgroundColor>-16777216</backgroundColor>
<lineWidth>1</lineWidth>
<points>
<point x="321" y="238"/>
<point x="182" y="238"/>
</points>
</Connector>
<Connector class="oracle.dbtools.crest.swingui.relational.TVFKRelation" oid="2B01FAAC-B22F-1267-C0A6-A3C0CCEEBAFD" otype="FKIndexAssociation" vid_source="7DE187F1-1006-C23F-5FE0-FDDE89A6E470" vid_target="00D3C349-9E46-5016-CA13-A0300183B350">
<hideElementsInCurrentOnly>false</hideElementsInCurrentOnly>
<backgroundColor>-16777216</backgroundColor>
<lineWidth>1</lineWidth>
<points>
<point x="263" y="285"/>
<point x="481" y="576"/>
</points>
</Connector>
<Connector class="oracle.dbtools.crest.swingui.relational.TVFKRelation" oid="2D62A3AE-AA34-B0D3-5279-FCB772B559EF" otype="FKIndexAssociation" vid_source="6A4F8A33-27C8-E16C-0466-A7CAC454A061" vid_target="21AC7030-A2E3-4D65-2DE8-6E4528CE74FE">
<hideElementsInCurrentOnly>false</hideElementsInCurrentOnly>
<backgroundColor>-16777216</backgroundColor>
<lineWidth>1</lineWidth>
<points>
<point x="333" y="584"/>
<point x="337" y="283"/>
</points>
</Connector>
<Connector class="oracle.dbtools.crest.swingui.relational.TVFKRelation" oid="36BF51BD-AB1D-C23E-05E4-0D3426E48E2E" otype="FKIndexAssociation" vid_source="00D3C349-9E46-5016-CA13-A0300183B350" vid_target="7DE187F1-1006-C23F-5FE0-FDDE89A6E470">
<hideElementsInCurrentOnly>false</hideElementsInCurrentOnly>
<backgroundColor>-16777216</backgroundColor>
<lineWidth>1</lineWidth>
<points>
<point x="405" y="576"/>
<point x="321" y="285"/>
</points>
</Connector>
<Connector class="oracle.dbtools.crest.swingui.relational.TVFKRelation" oid="3A988493-63F6-41E6-77F2-FCBBAF7C8CAE" otype="FKIndexAssociation" vid_source="6A4F8A33-27C8-E16C-0466-A7CAC454A061" vid_target="886DCCA1-5328-F0C7-FC31-1FC959ACC632">
<hideElementsInCurrentOnly>false</hideElementsInCurrentOnly>
<backgroundColor>-16777216</backgroundColor>
<lineWidth>1</lineWidth>
<points>
<point x="197" y="584"/>
<point x="197" y="515"/>
</points>
</Connector>
<Connector class="oracle.dbtools.crest.swingui.relational.TVFKRelation" oid="543BCB87-4DBD-B38D-82F9-5066836AE60B" otype="FKIndexAssociation" vid_source="83401A90-AB55-9344-6AF7-D9C514668BAF" vid_target="21AC7030-A2E3-4D65-2DE8-6E4528CE74FE">
<hideElementsInCurrentOnly>false</hideElementsInCurrentOnly>
<backgroundColor>-16777216</backgroundColor>
<lineWidth>1</lineWidth>
<points>
<point x="845" y="211"/>
<point x="325" y="211"/>
</points>
</Connector>
<Connector class="oracle.dbtools.crest.swingui.relational.TVFKRelation" oid="75EEE68C-F81B-E828-1EB7-856FCB256ED4" otype="FKIndexAssociation" vid_source="886DCCA1-5328-F0C7-FC31-1FC959ACC632" vid_target="7DE187F1-1006-C23F-5FE0-FDDE89A6E470">
<hideElementsInCurrentOnly>false</hideElementsInCurrentOnly>
<backgroundColor>-16777216</backgroundColor>
<lineWidth>1</lineWidth>
<points>
<point x="160" y="394"/>
<point x="160" y="285"/>
</points>
</Connector>
<Connector class="oracle.dbtools.crest.swingui.relational.TVFKRelation" oid="77E7D339-FF84-C732-A462-DDD786ED3158" otype="FKIndexAssociation" vid_source="B7B84CE3-0D96-1618-C67B-539D79AFCC42" vid_target="837F0B0A-977D-1428-E5F4-09677D99893A">
<hideElementsInCurrentOnly>false</hideElementsInCurrentOnly>
<backgroundColor>-16777216</backgroundColor>
<lineWidth>1</lineWidth>
<points>
<point x="680" y="201"/>
<point x="680" y="382"/>
</points>
</Connector>
<Connector class="oracle.dbtools.crest.swingui.relational.TVFKRelation" oid="91E946D8-443A-93C8-77A2-1D4DD8BE6322" otype="FKIndexAssociation" vid_source="21AC7030-A2E3-4D65-2DE8-6E4528CE74FE" vid_target="1E88519C-7AAF-B98C-433B-147EB531E1EB">
<hideElementsInCurrentOnly>false</hideElementsInCurrentOnly>
<backgroundColor>-16777216</backgroundColor>
<lineWidth>1</lineWidth>
<points>
<point x="581" y="208"/>
<point x="337" y="208"/>
</points>
</Connector>
<Connector class="oracle.dbtools.crest.swingui.relational.TVFKRelation" oid="A17462FA-4884-835A-736F-8FA4FF6E276D" otype="FKIndexAssociation" vid_source="D0F9CB72-6F26-EE5D-CA87-A43A3F19CE95" vid_target="D0F9CB72-6F26-EE5D-CA87-A43A3F19CE95">
<hideElementsInCurrentOnly>false</hideElementsInCurrentOnly>
<backgroundColor>-16777216</backgroundColor>
<lineWidth>1</lineWidth>
<points>
<point x="568" y="238"/>
<point x="593" y="238"/>
<point x="593" y="298"/>
<point x="505" y="298"/>
<point x="505" y="273"/>
</points>
</Connector>
<Connector class="oracle.dbtools.crest.swingui.relational.TVFKRelation" oid="A1F381E7-498F-C6F1-D58A-380CA40F7A57" otype="FKIndexAssociation" vid_source="21AC7030-A2E3-4D65-2DE8-6E4528CE74FE" vid_target="D0F9CB72-6F26-EE5D-CA87-A43A3F19CE95">
<hideElementsInCurrentOnly>false</hideElementsInCurrentOnly>
<backgroundColor>-16777216</backgroundColor>
<lineWidth>1</lineWidth>
<points>
<point x="581" y="231"/>
<point x="417" y="231"/>
</points>
</Connector>
<Connector class="oracle.dbtools.crest.swingui.relational.TVFKRelation" oid="C4A72BE4-DB49-4B82-7E56-65EE3EE737A5" otype="FKIndexAssociation" vid_source="83401A90-AB55-9344-6AF7-D9C514668BAF" vid_target="B7B84CE3-0D96-1618-C67B-539D79AFCC42">
<hideElementsInCurrentOnly>false</hideElementsInCurrentOnly>
<backgroundColor>-16777216</backgroundColor>
<lineWidth>1</lineWidth>
<points>
<point x="845" y="158"/>
<point x="603" y="158"/>
</points>
</Connector>
<Connector class="oracle.dbtools.crest.swingui.relational.TVFKRelation" oid="F186BA8A-6F51-504E-8446-2720E117E007" otype="FKIndexAssociation" vid_source="83401A90-AB55-9344-6AF7-D9C514668BAF" vid_target="7DE187F1-1006-C23F-5FE0-FDDE89A6E470">
<hideElementsInCurrentOnly>false</hideElementsInCurrentOnly>
<backgroundColor>-16777216</backgroundColor>
<lineWidth>1</lineWidth>
<points>
<point x="845" y="199"/>
<point x="86" y="199"/>
</points>
</Connector>
<Connector class="oracle.dbtools.crest.swingui.relational.TVFKRelation" oid="F949DABF-47E0-1304-9471-A5E0494CD2C5" otype="FKIndexAssociation" vid_source="837F0B0A-977D-1428-E5F4-09677D99893A" vid_target="00D3C349-9E46-5016-CA13-A0300183B350">
<hideElementsInCurrentOnly>false</hideElementsInCurrentOnly>
<backgroundColor>-16777216</backgroundColor>
<lineWidth>1</lineWidth>
<points>
<point x="587" y="498"/>
<point x="587" y="576"/>
</points>
</Connector>
</connectors>
<arcs>
<Arc class="oracle.dbtools.crest.swingui.relational.TVFKArc" oid="3174C412-F8E9-4F7C-C57E-BA4DC3A70827" otype="FKArc" vid="64BE866C-0CD7-E2FE-98A2-F592B66044CC">
<hideElementsInCurrentOnly>false</hideElementsInCurrentOnly>
<bounds x="305" y="89" width="296" height="214"/>
</Arc>
<Arc class="oracle.dbtools.crest.swingui.relational.TVFKArc" oid="5C066FB7-0C4A-26AC-A3C4-68E4A68D1873" otype="FKArc" vid="F0279F7E-0C5C-00B6-D226-77F16EDFD4F3">
<hideElementsInCurrentOnly>false</hideElementsInCurrentOnly>
<bounds x="66" y="93" width="275" height="212"/>
</Arc>
<Arc class="oracle.dbtools.crest.swingui.relational.TVFKArc" oid="DE84D8FA-9EED-C65C-431F-79DAC3AF8496" otype="FKArc" vid="D0CA8FBB-99A0-E074-7306-277CD81CCEB5">
<hideElementsInCurrentOnly>false</hideElementsInCurrentOnly>
<bounds x="1" y="5" width="864" height="363"/>
</Arc>
</arcs>
</Diagram>