<?xml version = '1.0' encoding = 'UTF-8'?>
<Relation class="oracle.dbtools.crest.model.design.logical.Relation" name="Relation_8" directorySegmentName="seg_0" id="028D2B3C-764F-4480-D081-D92DFDACDD06">
<createdBy>cami</createdBy>
<createdTime>2025-09-02 03:32:24 UTC</createdTime>
<ownerDesignName>Modelo en notación de Bachman</ownerDesignName>
<engineerTo>
<item key="CD83DAD8-2DAA-159F-B3A8-89B2E62DA827" value="true"/>
</engineerTo>
<sourcePk>0AFA5B92-BDB9-7DC2-4478-60F1B8EAF4BF</sourcePk>
<identifying>true</identifying>
<optionalSource>false</optionalSource>
<optionalTarget>false</optionalTarget>
<sourceCardinality>1</sourceCardinality>
<sourceEntity>17EA289E-E4B7-B339-2124-BC6DC8B442A3</sourceEntity>
<targetCardinalityString>*</targetCardinalityString>
<targetEntity>B536D835-4564-4D71-D07F-F497C92BDE2E</targetEntity>
<transferable>true</transferable>
<deleteRule>NO ACTION</deleteRule>
</Relation>