<?xml version = '1.0' encoding = 'UTF-8'?>
<Relation class="oracle.dbtools.crest.model.design.logical.Relation" name="Relation_2" directorySegmentName="seg_0" id="13408FB3-B1F4-F1C5-9301-BF364E4C3760">
<createdBy>cami</createdBy>
<createdTime>2025-09-02 03:30:11 UTC</createdTime>
<ownerDesignName>Modelo en notación de Bachman</ownerDesignName>
<engineerTo>
<item key="CD83DAD8-2DAA-159F-B3A8-89B2E62DA827" value="true"/>
</engineerTo>
<targetPk>5CBF4C14-18BE-0998-3092-7C3B00D34437</targetPk>
<identifying>false</identifying>
<optionalSource>false</optionalSource>
<optionalTarget>true</optionalTarget>
<sourceCardinality>1</sourceCardinality>
<sourceEntity>9ADA0387-1E8F-87C4-FAB9-9A4D5E63963C</sourceEntity>
<targetCardinalityString>*</targetCardinalityString>
<targetEntity>9ADA0387-1E8F-87C4-FAB9-9A4D5E63963C</targetEntity>
<transferable>true</transferable>
<deleteRule>NO ACTION</deleteRule>
</Relation>