<?xml version = '1.0' encoding = 'UTF-8'?>
<Relation class="oracle.dbtools.crest.model.design.logical.Relation" name="Relation_7" directorySegmentName="seg_0" id="2055BCD4-9922-5811-9605-95443DFEA938">
<createdBy>cami</createdBy>
<createdTime>2025-09-02 03:31:54 UTC</createdTime>
<ownerDesignName>Modelo en notación de Bachman</ownerDesignName>
<engineerTo>
<item key="CD83DAD8-2DAA-159F-B3A8-89B2E62DA827" value="true"/>
</engineerTo>
<sourcePk>7B16FB8D-6AC3-028B-F82D-6860B9617317</sourcePk>
<identifying>false</identifying>
<optionalSource>false</optionalSource>
<optionalTarget>false</optionalTarget>
<sourceCardinality>1</sourceCardinality>
<sourceEntity>FEDA95B7-A58A-066E-71E3-ED85BE59C006</sourceEntity>
<targetCardinalityString>*</targetCardinalityString>
<targetEntity>D85BE52D-6FC0-71CA-FD62-0375C9393275</targetEntity>
<transferable>true</transferable>
<deleteRule>NO ACTION</deleteRule>
</Relation>