<?xml version = '1.0' encoding = 'UTF-8'?>
<Relation class="oracle.dbtools.crest.model.design.logical.Relation" name="Relation_6" directorySegmentName="seg_0" id="436330C0-F44A-CBA2-97CD-E355EE9AA774">
<createdBy>cami</createdBy>
<createdTime>2025-09-02 03:31:38 UTC</createdTime>
<ownerDesignName>Modelo en notación de Bachman</ownerDesignName>
<engineerTo>
<item key="CD83DAD8-2DAA-159F-B3A8-89B2E62DA827" value="true"/>
</engineerTo>
<targetPk>75478414-54BA-5B4A-5FD1-B1CB88B6A9DB</targetPk>
<identifying>false</identifying>
<optionalSource>false</optionalSource>
<optionalTarget>true</optionalTarget>
<sourceCardinality>1</sourceCardinality>
<sourceEntity>1726B190-2BEC-BC28-A07B-067E87442157</sourceEntity>
<targetCardinalityString>1</targetCardinalityString>
<targetEntity>D85BE52D-6FC0-71CA-FD62-0375C9393275</targetEntity>
<transferable>true</transferable>
<deleteRule>NO ACTION</deleteRule>
</Relation>