<?xml version = '1.0' encoding = 'UTF-8'?>
<Relation class="oracle.dbtools.crest.model.design.logical.Relation" name="Relation_1" directorySegmentName="seg_0" id="706C3E57-AC23-79A2-42C6-BBF1E666CC8C">
<createdBy>cami</createdBy>
<createdTime>2025-09-02 03:28:08 UTC</createdTime>
<ownerDesignName>Modelo en notación de Bachman</ownerDesignName>
<engineerTo>
<item key="CD83DAD8-2DAA-159F-B3A8-89B2E62DA827" value="true"/>
</engineerTo>
<sourcePk>5CBF4C14-18BE-0998-3092-7C3B00D34437</sourcePk>
<identifying>true</identifying>
<optionalSource>false</optionalSource>
<optionalTarget>false</optionalTarget>
<sourceCardinality>1</sourceCardinality>
<sourceEntity>4944E4D7-F56A-315C-D7EE-181E67CCC9B9</sourceEntity>
<targetCardinalityString>*</targetCardinalityString>
<targetEntity>17EA289E-E4B7-B339-2124-BC6DC8B442A3</targetEntity>
<transferable>true</transferable>
<deleteRule>NO ACTION</deleteRule>
</Relation>