<?xml version = '1.0' encoding = 'UTF-8'?>
<Relation class="oracle.dbtools.crest.model.design.logical.Relation" name="Relation_3" directorySegmentName="seg_0" id="C45DB6B9-9076-A8E0-961B-3AEF23659D1F">
<createdBy>cami</createdBy>
<createdTime>2025-09-02 03:30:52 UTC</createdTime>
<ownerDesignName>Modelo en notación de Bachman</ownerDesignName>
<engineerTo>
<item key="CD83DAD8-2DAA-159F-B3A8-89B2E62DA827" value="true"/>
</engineerTo>
<sourcePk>5CBF4C14-18BE-0998-3092-7C3B00D34437</sourcePk>
<targetPk>7D4B19AF-95EA-94E5-5F7C-65C604B7A0ED</targetPk>
<identifying>false</identifying>
<optionalSource>false</optionalSource>
<optionalTarget>false</optionalTarget>
<sourceCardinality>1</sourceCardinality>
<sourceEntity>1726B190-2BEC-BC28-A07B-067E87442157</sourceEntity>
<targetCardinalityString>1</targetCardinalityString>
<targetEntity>B536D835-4564-4D71-D07F-F497C92BDE2E</targetEntity>
<transferable>true</transferable>
<deleteRule>NO ACTION</deleteRule>
</Relation>