<?xml version = '1.0' encoding = 'UTF-8'?>
<Relation class="oracle.dbtools.crest.model.design.logical.Relation" name="Relation_5" directorySegmentName="seg_0" id="F53FAA8D-8BA6-4BA6-F31C-C7B3E2A02B1C">
<createdBy>cami</createdBy>
<createdTime>2025-09-02 03:31:20 UTC</createdTime>
<ownerDesignName>Modelo en notación de Bachman</ownerDesignName>
<engineerTo>
<item key="CD83DAD8-2DAA-159F-B3A8-89B2E62DA827" value="true"/>
</engineerTo>
<sourcePk>7B16FB8D-6AC3-028B-F82D-6860B9617317</sourcePk>
<identifying>false</identifying>
<optionalSource>false</optionalSource>
<optionalTarget>false</optionalTarget>
<sourceCardinality>1</sourceCardinality>
<sourceEntity>FEDA95B7-A58A-066E-71E3-ED85BE59C006</sourceEntity>
<targetCardinalityString>*</targetCardinalityString>
<targetEntity>FFEC4ABD-5805-10AA-7A10-821D1BF526F2</targetEntity>
<transferable>true</transferable>
<deleteRule>NO ACTION</deleteRule>
</Relation>