<?xml version = '1.0' encoding = 'UTF-8'?>
<Diagram class="oracle.dbtools.crest.swingui.logical.DPVLogical" name="Logical" id="8D5E6D9E-89BA-ED52-6E71-46F513F0128F">
<createdBy>cami</createdBy>
<modifiedBy>cami</modifiedBy>
<createdTime>2025-09-02 02:11:05 UTC</createdTime>
<autoRoute>false</autoRoute>
<boxInbox>true</boxInbox>
<showLegend>false</showLegend>
<showLabels>false</showLabels>
<showRelAttributes>false</showRelAttributes>
<gridEnabled>false</gridEnabled>
<showGrid>false</showGrid>
<diagramColor>-1</diagramColor>
<display>false</display>
<notation>1</notation>
<objectViews>
<OView class="oracle.dbtools.crest.swingui.logical.TVEntity" oid="03C539AC-AB5E-EFD1-4F40-3683EE84A7D2" otype="Entity" vid="1FA1C962-8997-69B4-6F3A-9866AAD4D294">
<hideElementsInCurrentOnly>false</hideElementsInCurrentOnly>
<bounds x="182" y="202" width="129" height="73"/>
</OView>
<OView class="oracle.dbtools.crest.swingui.logical.TVEntity" oid="1C7DCBBF-E869-75C7-974C-2FC0F7D5ADE3" otype="Entity" vid="E66594D8-C0F4-CA8C-2288-2B7E2D4B4A74">
<hideElementsInCurrentOnly>false</hideElementsInCurrentOnly>
<bounds x="325" y="109" width="256" height="174"/>
</OView>
<OView class="oracle.dbtools.crest.swingui.logical.TVEntity" oid="24B0D6F0-C028-C2FA-ECC3-0B6128531A2C" otype="Entity" vid="14263D50-2243-EC4F-DBB6-D091E3C6D578">
<hideElementsInCurrentOnly>false</hideElementsInCurrentOnly>
<bounds x="21" y="25" width="757" height="309"/>
</OView>
<OView class="oracle.dbtools.crest.swingui.logical.TVEntity" oid="2EF642FB-8236-5218-05B9-13BB2CEE1DC6" otype="Entity" vid="D39C9994-D6C8-2E00-7E70-A54A92FB1893">
<hideElementsInCurrentOnly>false</hideElementsInCurrentOnly>
<bounds x="337" y="166" width="151" height="84"/>
</OView>
<OView class="oracle.dbtools.crest.swingui.logical.TVEntity" oid="4CE06B6E-A185-DB69-B1D4-851023BE2DEB" otype="Entity" vid="5EF98E2B-1372-3046-8E28-FE2C52866CA6">
<hideElementsInCurrentOnly>false</hideElementsInCurrentOnly>
<bounds x="565" y="382" width="211" height="116"/>
</OView>
<OView class="oracle.dbtools.crest.swingui.logical.TVEntity" oid="595CD87E-9F0E-BC06-D319-BB9436B5FF2D" otype="Entity" vid="057FB8B8-C1EB-EE9E-AFC9-BFAC804F9E20">
<hideElementsInCurrentOnly>false</hideElementsInCurrentOnly>
<bounds x="161" y="584" width="181" height="107"/>
</OView>
<OView class="oracle.dbtools.crest.swingui.logical.TVEntity" oid="6E4A5CDB-26FA-495B-9AB8-8C5469810929" otype="Entity" vid="4E096B61-EDBF-7F46-B107-5C9CE9916D2B">
<hideElementsInCurrentOnly>false</hideElementsInCurrentOnly>
<bounds x="94" y="161" width="150" height="87"/>
</OView>
<OView class="oracle.dbtools.crest.swingui.logical.TVEntity" oid="9FC17A42-F09F-66F0-98B0-B27238845053" otype="Entity" vid="AABEF44D-A396-43B7-53EE-37B760A955C1">
<hideElementsInCurrentOnly>false</hideElementsInCurrentOnly>
<bounds x="603" y="115" width="155" height="86"/>
</OView>
<OView class="oracle.dbtools.crest.swingui.logical.TVEntity" oid="C2AA04DC-22F7-39BE-785F-9EF2243002BA" otype="Entity" vid="18DC5396-A440-DB14-1CD3-5167FE7BAC04">
<hideElementsInCurrentOnly>false</hideElementsInCurrentOnly>
<bounds x="86" y="113" width="235" height="172"/>
</OView>
<OView class="oracle.dbtools.crest.swingui.logical.TVEntity" oid="DFE1225E-FB42-B1F5-AC8E-01DF5A6020C5" otype="Entity" vid="A4215B62-59CB-209B-B3B5-C01A9FFD1CFC">
<hideElementsInCurrentOnly>false</hideElementsInCurrentOnly>
<bounds x="42" y="394" width="192" height="121"/>
</OView>
<OView class="oracle.dbtools.crest.swingui.logical.TVEntity" oid="E5343EF2-F297-96C6-48B5-F1D8E3D505FE" otype="Entity" vid="6F90C26C-1494-A530-B72D-E00F29F3751D">
<hideElementsInCurrentOnly>false</hideElementsInCurrentOnly>
<bounds x="405" y="576" width="205" height="117"/>
</OView>
<OView class="oracle.dbtools.crest.swingui.logical.TVEntity" oid="E5F29DCB-E8CB-3E7D-F294-49A5E65339A8" otype="Entity" vid="738C517C-9A91-4447-83A8-ACF28F40B144">
<hideElementsInCurrentOnly>false</hideElementsInCurrentOnly>
<bounds x="417" y="189" width="151" height="84"/>
</OView>
</objectViews>
<connectors>
<Connector class="oracle.dbtools.crest.swingui.logical.TVInheritanceRelation" oid="1698EE4C-8B88-3025-CE0E-50007FBDB664" otype="Hierarchy relation" vid_source="E66594D8-C0F4-CA8C-2288-2B7E2D4B4A74" vid_target="D39C9994-D6C8-2E00-7E70-A54A92FB1893">
<hideElementsInCurrentOnly>false</hideElementsInCurrentOnly>
<backgroundColor>-65536</backgroundColor>
<lineWidth>1</lineWidth>
</Connector>
<Connector class="oracle.dbtools.crest.swingui.logical.TVInheritanceRelation" oid="16E57B8E-124B-3AFE-1763-6D591D45AB97" otype="Hierarchy relation" vid_source="14263D50-2243-EC4F-DBB6-D091E3C6D578" vid_target="E66594D8-C0F4-CA8C-2288-2B7E2D4B4A74">
<hideElementsInCurrentOnly>false</hideElementsInCurrentOnly>
<backgroundColor>-65536</backgroundColor>
<lineWidth>1</lineWidth>
</Connector>
<Connector class="oracle.dbtools.crest.swingui.logical.TVRelation" oid="25512846-889E-AE45-799C-491505453BB5" otype="Relation" vid_source="738C517C-9A91-4447-83A8-ACF28F40B144" vid_target="738C517C-9A91-4447-83A8-ACF28F40B144">
<hideElementsInCurrentOnly>false</hideElementsInCurrentOnly>
<backgroundColor>-16777216</backgroundColor>
<lineWidth>1</lineWidth>
<points>
<point x="568" y="238"/>
<point x="593" y="238"/>
<point x="593" y="298"/>
<point x="505" y="298"/>
<point x="505" y="273"/>
</points>
</Connector>
<Connector class="oracle.dbtools.crest.swingui.logical.TVRelation" oid="2CDFD406-8558-F1C9-332C-4C2E36A5A5FF" otype="Relation" vid_source="18DC5396-A440-DB14-1CD3-5167FE7BAC04" vid_target="A4215B62-59CB-209B-B3B5-C01A9FFD1CFC">
<hideElementsInCurrentOnly>false</hideElementsInCurrentOnly>
<backgroundColor>-16777216</backgroundColor>
<lineWidth>1</lineWidth>
<points>
<point x="160" y="285"/>
<point x="160" y="394"/>
</points>
</Connector>
<Connector class="oracle.dbtools.crest.swingui.logical.TVRelation" oid="339F185F-99CC-1259-16F6-4912140A40ED" otype="Relation" vid_source="057FB8B8-C1EB-EE9E-AFC9-BFAC804F9E20" vid_target="E66594D8-C0F4-CA8C-2288-2B7E2D4B4A74">
<hideElementsInCurrentOnly>false</hideElementsInCurrentOnly>
<backgroundColor>-16777216</backgroundColor>
<lineWidth>1</lineWidth>
<points>
<point x="333" y="584"/>
<point x="337" y="283"/>
</points>
</Connector>
<Connector class="oracle.dbtools.crest.swingui.logical.TVInheritanceRelation" oid="33A8645D-652F-E342-148E-8D47ECE88A5E" otype="Hierarchy relation" vid_source="18DC5396-A440-DB14-1CD3-5167FE7BAC04" vid_target="1FA1C962-8997-69B4-6F3A-9866AAD4D294">
<hideElementsInCurrentOnly>false</hideElementsInCurrentOnly>
<backgroundColor>-65536</backgroundColor>
<lineWidth>1</lineWidth>
</Connector>
<Connector class="oracle.dbtools.crest.swingui.logical.TVInheritanceRelation" oid="454BE0E0-1394-3249-2438-DAAFF2B417AF" otype="Hierarchy relation" vid_source="18DC5396-A440-DB14-1CD3-5167FE7BAC04" vid_target="4E096B61-EDBF-7F46-B107-5C9CE9916D2B">
<hideElementsInCurrentOnly>false</hideElementsInCurrentOnly>
<backgroundColor>-65536</backgroundColor>
<lineWidth>1</lineWidth>
</Connector>
<Connector class="oracle.dbtools.crest.swingui.logical.TVRelation" oid="5BBDCEB4-9633-7B01-1713-7BCC3AFCB919" otype="Relation" vid_source="5EF98E2B-1372-3046-8E28-FE2C52866CA6" vid_target="6F90C26C-1494-A530-B72D-E00F29F3751D">
<hideElementsInCurrentOnly>false</hideElementsInCurrentOnly>
<backgroundColor>-16777216</backgroundColor>
<lineWidth>1</lineWidth>
<points>
<point x="587" y="498"/>
<point x="587" y="576"/>
</points>
</Connector>
<Connector class="oracle.dbtools.crest.swingui.logical.TVRelation" oid="753DD567-84FE-ED9B-0C0A-C9737FF62DE5" otype="Relation" vid_source="057FB8B8-C1EB-EE9E-AFC9-BFAC804F9E20" vid_target="A4215B62-59CB-209B-B3B5-C01A9FFD1CFC">
<hideElementsInCurrentOnly>false</hideElementsInCurrentOnly>
<backgroundColor>-16777216</backgroundColor>
<lineWidth>1</lineWidth>
<points>
<point x="197" y="584"/>
<point x="197" y="515"/>
</points>
</Connector>
<Connector class="oracle.dbtools.crest.swingui.logical.TVRelation" oid="8BE10557-324F-FA0D-987D-C4E2BB4CD55A" otype="Relation" vid_source="18DC5396-A440-DB14-1CD3-5167FE7BAC04" vid_target="6F90C26C-1494-A530-B72D-E00F29F3751D">
<hideElementsInCurrentOnly>false</hideElementsInCurrentOnly>
<backgroundColor>-16777216</backgroundColor>
<lineWidth>1</lineWidth>
<points>
<point x="263" y="285"/>
<point x="481" y="576"/>
</points>
</Connector>
<Connector class="oracle.dbtools.crest.swingui.logical.TVInheritanceRelation" oid="914655F0-7B50-6E71-1804-11DFD46E1B22" otype="Hierarchy relation" vid_source="E66594D8-C0F4-CA8C-2288-2B7E2D4B4A74" vid_target="738C517C-9A91-4447-83A8-ACF28F40B144">
<hideElementsInCurrentOnly>false</hideElementsInCurrentOnly>
<backgroundColor>-65536</backgroundColor>
<lineWidth>1</lineWidth>
</Connector>
<Connector class="oracle.dbtools.crest.swingui.logical.TVInheritanceRelation" oid="9C5778E6-4521-1BDB-4EF9-F54CAA17C7BF" otype="Hierarchy relation" vid_source="14263D50-2243-EC4F-DBB6-D091E3C6D578" vid_target="AABEF44D-A396-43B7-53EE-37B760A955C1">
<hideElementsInCurrentOnly>false</hideElementsInCurrentOnly>
<backgroundColor>-65536</backgroundColor>
<lineWidth>1</lineWidth>
</Connector>
<Connector class="oracle.dbtools.crest.swingui.logical.TVInheritanceRelation" oid="E6FBDEE1-E07E-E2AE-9BAC-3749B82B16B8" otype="Hierarchy relation" vid_source="14263D50-2243-EC4F-DBB6-D091E3C6D578" vid_target="18DC5396-A440-DB14-1CD3-5167FE7BAC04">
<hideElementsInCurrentOnly>false</hideElementsInCurrentOnly>
<backgroundColor>-65536</backgroundColor>
<lineWidth>1</lineWidth>
</Connector>
<Connector class="oracle.dbtools.crest.swingui.logical.TVRelation" oid="FC9FE1A0-6FF9-CD7C-7D5D-7636BD7140F0" otype="Relation" vid_source="AABEF44D-A396-43B7-53EE-37B760A955C1" vid_target="5EF98E2B-1372-3046-8E28-FE2C52866CA6">
<hideElementsInCurrentOnly>false</hideElementsInCurrentOnly>
<backgroundColor>-16777216</backgroundColor>
<lineWidth>1</lineWidth>
<points>
<point x="680" y="201"/>
<point x="680" y="382"/>
</points>
</Connector>
</connectors>
</Diagram>