<?xml version = '1.0' encoding = 'UTF-8'?>
<InheritanceRelation class="oracle.dbtools.crest.model.design.logical.InheritanceRelation" name="Hierarchy_3" directorySegmentName="seg_0" id="4B889735-8FD9-F14E-D4EF-B290AF6AB760">
<createdBy>cami</createdBy>
<createdTime>2025-09-02 03:24:35 UTC</createdTime>
<ownerDesignName>Modelo en notación de Bachman</ownerDesignName>
<engineerTo>
<item key="CD83DAD8-2DAA-159F-B3A8-89B2E62DA827" value="true"/>
</engineerTo>
<identifying>false</identifying>
<nameOnSource>Super Type</nameOnSource>
<nameOnTarget>Sub Type</nameOnTarget>
<optionalSource>true</optionalSource>
<optionalTarget>true</optionalTarget>
<sourceEntity>D434EBDC-5B69-D81A-5348-D646A0C9DB3E</sourceEntity>
<targetEntity>FFEC4ABD-5805-10AA-7A10-821D1BF526F2</targetEntity>
<transferable>true</transferable>
<deleteRule>NO ACTION</deleteRule>
</InheritanceRelation>