<?xml version = '1.0' encoding = 'UTF-8'?>
<relationalModel class="oracle.dbtools.crest.model.design.relational.RelationalDesign" name="Relational_1" id="CD83DAD8-2DAA-159F-B3A8-89B2E62DA827" mainViewID="3392D41E-9FC4-7E03-5158-4F7E285319B4">
<createdBy>cami</createdBy>
<createdTime>2025-09-02 02:57:32 UTC</createdTime>
<ownerDesignName>Modelo en notación de Bachman</ownerDesignName>
<shouldBeOpen>false</shouldBeOpen>
<selectedRDBMSSite>32076570-2523-435C-2E92-BF29817DFF70</selectedRDBMSSite>
</relationalModel>