<?xml version = '1.0' encoding = 'UTF-8'?>
<Diagram class="oracle.dbtools.crest.swingui.logical.DPVLogical" name="Logical" id="9C2B9F7A-64D7-73AE-CA37-A5F6013D37FB">
<createdBy>cami</createdBy>
<modifiedBy>cami</modifiedBy>
<createdTime>2025-09-02 02:59:30 UTC</createdTime>
<autoRoute>false</autoRoute>
<boxInbox>true</boxInbox>
<showLegend>false</showLegend>
<showLabels>false</showLabels>
<showRelAttributes>false</showRelAttributes>
<gridEnabled>false</gridEnabled>
<showGrid>false</showGrid>
<diagramColor>-1</diagramColor>
<display>false</display>
<notation>0</notation>
<objectViews>
<OView class="oracle.dbtools.crest.swingui.logical.TVEntity" oid="1726B190-2BEC-BC28-A07B-067E87442157" otype="Entity" vid="C8589B62-C770-38BE-FAF6-2BFF268713B4">
<hideElementsInCurrentOnly>false</hideElementsInCurrentOnly>
<bounds x="61" y="160" width="295" height="202"/>
</OView>
<OView class="oracle.dbtools.crest.swingui.logical.TVEntity" oid="17EA289E-E4B7-B339-2124-BC6DC8B442A3" otype="Entity" vid="78C3B193-B5CF-4564-E6FF-ED3B33F5BC6D">
<hideElementsInCurrentOnly>false</hideElementsInCurrentOnly>
<bounds x="716" y="395" width="240" height="117"/>
</OView>
<OView class="oracle.dbtools.crest.swingui.logical.TVEntity" oid="43EEF14F-B5CB-3576-F836-FF8C03BB5708" otype="Entity" vid="E40F7FA3-61E5-48F4-27BA-FC917AD2ED2E">
<hideElementsInCurrentOnly>false</hideElementsInCurrentOnly>
<bounds x="147" y="298" width="197" height="44"/>
</OView>
<OView class="oracle.dbtools.crest.swingui.logical.TVEntity" oid="4944E4D7-F56A-315C-D7EE-181E67CCC9B9" otype="Entity" vid="EE87BB25-DB08-3C8F-3766-EC44217EEFE0">
<hideElementsInCurrentOnly>false</hideElementsInCurrentOnly>
<bounds x="682" y="161" width="241" height="141"/>
</OView>
<OView class="oracle.dbtools.crest.swingui.logical.TVEntity" oid="9ADA0387-1E8F-87C4-FAB9-9A4D5E63963C" otype="Entity" vid="16688B2E-FB89-B2FD-5D02-EA4315940A35">
<hideElementsInCurrentOnly>false</hideElementsInCurrentOnly>
<bounds x="420" y="236" width="199" height="55"/>
</OView>
<OView class="oracle.dbtools.crest.swingui.logical.TVEntity" oid="9CDD609E-17D7-29E6-A349-5963B688C7B5" otype="Entity" vid="2D313FD2-6149-2FC0-14DC-B71421F399B5">
<hideElementsInCurrentOnly>false</hideElementsInCurrentOnly>
<bounds x="76" y="238" width="223" height="45"/>
</OView>
<OView class="oracle.dbtools.crest.swingui.logical.TVEntity" oid="A22C8A2F-3EA6-F930-946B-0A86AEA1F7FA" otype="Entity" vid="1C2BB507-FC52-AC4F-9B82-705242C5AF5F">
<hideElementsInCurrentOnly>false</hideElementsInCurrentOnly>
<bounds x="383" y="305" width="147" height="38"/>
</OView>
<OView class="oracle.dbtools.crest.swingui.logical.TVEntity" oid="B536D835-4564-4D71-D07F-F497C92BDE2E" otype="Entity" vid="39FDD623-ECD1-A948-F8FC-BEF3FB808590">
<hideElementsInCurrentOnly>false</hideElementsInCurrentOnly>
<bounds x="530" y="572" width="297" height="139"/>
</OView>
<OView class="oracle.dbtools.crest.swingui.logical.TVEntity" oid="D434EBDC-5B69-D81A-5348-D646A0C9DB3E" otype="Entity" vid="2990901D-C82D-250A-F847-901F201AB198">
<hideElementsInCurrentOnly>false</hideElementsInCurrentOnly>
<bounds x="46" y="49" width="944" height="333"/>
</OView>
<OView class="oracle.dbtools.crest.swingui.logical.TVEntity" oid="D85BE52D-6FC0-71CA-FD62-0375C9393275" otype="Entity" vid="35DDBCDF-8631-E076-2069-7E1FE31E5BA1">
<hideElementsInCurrentOnly>false</hideElementsInCurrentOnly>
<bounds x="63" y="404" width="231" height="88"/>
</OView>
<OView class="oracle.dbtools.crest.swingui.logical.TVEntity" oid="FEDA95B7-A58A-066E-71E3-ED85BE59C006" otype="Entity" vid="AFED10F5-8BAE-E491-EEAA-0A61E38CF05C">
<hideElementsInCurrentOnly>false</hideElementsInCurrentOnly>
<bounds x="228" y="574" width="221" height="95"/>
</OView>
<OView class="oracle.dbtools.crest.swingui.logical.TVEntity" oid="FFEC4ABD-5805-10AA-7A10-821D1BF526F2" otype="Entity" vid="BC4DDE54-28AD-18D8-A7B3-B772630452F2">
<hideElementsInCurrentOnly>false</hideElementsInCurrentOnly>
<bounds x="370" y="161" width="296" height="196"/>
</OView>
</objectViews>
<connectors>
<Connector class="oracle.dbtools.crest.swingui.logical.TVRelation" oid="028D2B3C-764F-4480-D081-D92DFDACDD06" otype="Relation" vid_source="78C3B193-B5CF-4564-E6FF-ED3B33F5BC6D" vid_target="39FDD623-ECD1-A948-F8FC-BEF3FB808590">
<hideElementsInCurrentOnly>false</hideElementsInCurrentOnly>
<backgroundColor>-16777216</backgroundColor>
<lineWidth>1</lineWidth>
<points>
<point x="771" y="512"/>
<point x="771" y="572"/>
</points>
</Connector>
<Connector class="oracle.dbtools.crest.swingui.logical.TVRelation" oid="13408FB3-B1F4-F1C5-9301-BF364E4C3760" otype="Relation" vid_source="16688B2E-FB89-B2FD-5D02-EA4315940A35" vid_target="16688B2E-FB89-B2FD-5D02-EA4315940A35">
<hideElementsInCurrentOnly>false</hideElementsInCurrentOnly>
<backgroundColor>-16777216</backgroundColor>
<lineWidth>1</lineWidth>
<points>
<point x="619" y="291"/>
<point x="648" y="295"/>
<point x="648" y="336"/>
<point x="541" y="336"/>
<point x="541" y="291"/>
</points>
</Connector>
<Connector class="oracle.dbtools.crest.swingui.logical.TVRelation" oid="2055BCD4-9922-5811-9605-95443DFEA938" otype="Relation" vid_source="AFED10F5-8BAE-E491-EEAA-0A61E38CF05C" vid_target="35DDBCDF-8631-E076-2069-7E1FE31E5BA1">
<hideElementsInCurrentOnly>false</hideElementsInCurrentOnly>
<backgroundColor>-16777216</backgroundColor>
<lineWidth>1</lineWidth>
<points>
<point x="261" y="574"/>
<point x="261" y="492"/>
</points>
</Connector>
<Connector class="oracle.dbtools.crest.swingui.logical.TVInheritanceRelation" oid="24DC20D0-654B-D739-C8BF-6D52027C41B6" otype="Hierarchy relation" vid_source="BC4DDE54-28AD-18D8-A7B3-B772630452F2" vid_target="16688B2E-FB89-B2FD-5D02-EA4315940A35">
<hideElementsInCurrentOnly>false</hideElementsInCurrentOnly>
<backgroundColor>-65536</backgroundColor>
<lineWidth>1</lineWidth>
</Connector>
<Connector class="oracle.dbtools.crest.swingui.logical.TVRelation" oid="436330C0-F44A-CBA2-97CD-E355EE9AA774" otype="Relation" vid_source="C8589B62-C770-38BE-FAF6-2BFF268713B4" vid_target="35DDBCDF-8631-E076-2069-7E1FE31E5BA1">
<hideElementsInCurrentOnly>false</hideElementsInCurrentOnly>
<backgroundColor>-16777216</backgroundColor>
<lineWidth>1</lineWidth>
<points>
<point x="178" y="362"/>
<point x="178" y="404"/>
</points>
</Connector>
<Connector class="oracle.dbtools.crest.swingui.logical.TVInheritanceRelation" oid="4B889735-8FD9-F14E-D4EF-B290AF6AB760" otype="Hierarchy relation" vid_source="2990901D-C82D-250A-F847-901F201AB198" vid_target="BC4DDE54-28AD-18D8-A7B3-B772630452F2">
<hideElementsInCurrentOnly>false</hideElementsInCurrentOnly>
<backgroundColor>-65536</backgroundColor>
<lineWidth>1</lineWidth>
</Connector>
<Connector class="oracle.dbtools.crest.swingui.logical.TVRelation" oid="706C3E57-AC23-79A2-42C6-BBF1E666CC8C" otype="Relation" vid_source="EE87BB25-DB08-3C8F-3766-EC44217EEFE0" vid_target="78C3B193-B5CF-4564-E6FF-ED3B33F5BC6D">
<hideElementsInCurrentOnly>false</hideElementsInCurrentOnly>
<backgroundColor>-16777216</backgroundColor>
<lineWidth>1</lineWidth>
<points>
<point x="819" y="302"/>
<point x="819" y="395"/>
</points>
</Connector>
<Connector class="oracle.dbtools.crest.swingui.logical.TVInheritanceRelation" oid="728ADCF0-41B2-912F-FACD-F0289134F422" otype="Hierarchy relation" vid_source="2990901D-C82D-250A-F847-901F201AB198" vid_target="EE87BB25-DB08-3C8F-3766-EC44217EEFE0">
<hideElementsInCurrentOnly>false</hideElementsInCurrentOnly>
<backgroundColor>-65536</backgroundColor>
<lineWidth>1</lineWidth>
</Connector>
<Connector class="oracle.dbtools.crest.swingui.logical.TVInheritanceRelation" oid="925F0E98-60A5-F658-F0BB-F51039BBF4B4" otype="Hierarchy relation" vid_source="C8589B62-C770-38BE-FAF6-2BFF268713B4" vid_target="E40F7FA3-61E5-48F4-27BA-FC917AD2ED2E">
<hideElementsInCurrentOnly>false</hideElementsInCurrentOnly>
<backgroundColor>-65536</backgroundColor>
<lineWidth>1</lineWidth>
</Connector>
<Connector class="oracle.dbtools.crest.swingui.logical.TVInheritanceRelation" oid="B76BCE9A-784C-C8B3-343E-A805006B4B39" otype="Hierarchy relation" vid_source="2990901D-C82D-250A-F847-901F201AB198" vid_target="C8589B62-C770-38BE-FAF6-2BFF268713B4">
<hideElementsInCurrentOnly>false</hideElementsInCurrentOnly>
<backgroundColor>-65536</backgroundColor>
<lineWidth>1</lineWidth>
</Connector>
<Connector class="oracle.dbtools.crest.swingui.logical.TVRelation" oid="C45DB6B9-9076-A8E0-961B-3AEF23659D1F" otype="Relation" vid_source="C8589B62-C770-38BE-FAF6-2BFF268713B4" vid_target="39FDD623-ECD1-A948-F8FC-BEF3FB808590">
<hideElementsInCurrentOnly>false</hideElementsInCurrentOnly>
<backgroundColor>-16777216</backgroundColor>
<lineWidth>1</lineWidth>
<points>
<point x="332" y="362"/>
<point x="592" y="572"/>
</points>
</Connector>
<Connector class="oracle.dbtools.crest.swingui.logical.TVInheritanceRelation" oid="D7AD3678-D200-79B7-FA57-670A5E2028E7" otype="Hierarchy relation" vid_source="C8589B62-C770-38BE-FAF6-2BFF268713B4" vid_target="2D313FD2-6149-2FC0-14DC-B71421F399B5">
<hideElementsInCurrentOnly>false</hideElementsInCurrentOnly>
<backgroundColor>-65536</backgroundColor>
<lineWidth>1</lineWidth>
</Connector>
<Connector class="oracle.dbtools.crest.swingui.logical.TVInheritanceRelation" oid="EB2CAEB2-32F3-80D7-E7C2-FEC22CB52EFD" otype="Hierarchy relation" vid_source="BC4DDE54-28AD-18D8-A7B3-B772630452F2" vid_target="1C2BB507-FC52-AC4F-9B82-705242C5AF5F">
<hideElementsInCurrentOnly>false</hideElementsInCurrentOnly>
<backgroundColor>-65536</backgroundColor>
<lineWidth>1</lineWidth>
</Connector>
<Connector class="oracle.dbtools.crest.swingui.logical.TVRelation" oid="F53FAA8D-8BA6-4BA6-F31C-C7B3E2A02B1C" otype="Relation" vid_source="AFED10F5-8BAE-E491-EEAA-0A61E38CF05C" vid_target="BC4DDE54-28AD-18D8-A7B3-B772630452F2">
<hideElementsInCurrentOnly>false</hideElementsInCurrentOnly>
<backgroundColor>-16777216</backgroundColor>
<lineWidth>1</lineWidth>
<points>
<point x="424" y="574"/>
<point x="424" y="357"/>
</points>
</Connector>
</connectors>
</Diagram>