<?xml version = '1.0' encoding = 'UTF-8'?>
<FKArc class="oracle.dbtools.crest.model.design.relational.FKArc" directorySegmentName="seg_0" id="3174C412-F8E9-4F7C-C57E-BA4DC3A70827" name="FKArc_2">
<createdBy>cami</createdBy>
<createdTime>2025-09-02 03:02:08 UTC</createdTime>
<ownerDesignName>Nodelo Entidad-Relación (MER)</ownerDesignName>
<mandatory>false</mandatory>
<reverseArc>true</reverseArc>
<table>937FD64F-207F-A61B-97ED-FE62CE0E887F</table>
<fkeys>
<fkeyID>A1F381E7-498F-C6F1-D58A-380CA40F7A57</fkeyID>
<fkeyID>91E946D8-443A-93C8-77A2-1D4DD8BE6322</fkeyID>
</fkeys>
</FKArc>