<?xml version = '1.0' encoding = 'UTF-8'?>
<FKArc class="oracle.dbtools.crest.model.design.relational.FKArc" directorySegmentName="seg_0" id="5C066FB7-0C4A-26AC-A3C4-68E4A68D1873" name="FKArc_1">
<createdBy>cami</createdBy>
<createdTime>2025-09-02 03:02:08 UTC</createdTime>
<ownerDesignName>Nodelo Entidad-Relación (MER)</ownerDesignName>
<mandatory>false</mandatory>
<reverseArc>true</reverseArc>
<table>9C82405C-BE26-A430-A3AD-434ACAE09A45</table>
<fkeys>
<fkeyID>09904048-28EA-5E75-0EFE-CD29B2C9400E</fkeyID>
<fkeyID>2A7896C3-AC9A-AD6E-5FD6-5E16E40359D4</fkeyID>
</fkeys>
</FKArc>