<?xml version = '1.0' encoding = 'UTF-8'?>
<FKArc class="oracle.dbtools.crest.model.design.relational.FKArc" directorySegmentName="seg_0" id="DE84D8FA-9EED-C65C-431F-79DAC3AF8496" name="FKArc_3">
<createdBy>cami</createdBy>
<createdTime>2025-09-02 03:02:08 UTC</createdTime>
<ownerDesignName>Nodelo Entidad-Relación (MER)</ownerDesignName>
<mandatory>true</mandatory>
<reverseArc>true</reverseArc>
<table>BDA53A44-D112-AA50-0204-998B17B1A74C</table>
<discriminatorColumn>39732779-BBEA-9671-9492-420B32F6DBEC</discriminatorColumn>
<fkeys>
<fkeyID>F186BA8A-6F51-504E-8446-2720E117E007</fkeyID>
<fkeyID>543BCB87-4DBD-B38D-82F9-5066836AE60B</fkeyID>
<fkeyID>C4A72BE4-DB49-4B82-7E56-65EE3EE737A5</fkeyID>
</fkeys>
</FKArc>