<?xml version = '1.0' encoding = 'UTF-8'?>
<Relation class="oracle.dbtools.crest.model.design.logical.Relation" name="Relation_8" directorySegmentName="seg_0" id="25512846-889E-AE45-799C-491505453BB5">
<createdBy>cami</createdBy>
<createdTime>2025-09-02 02:48:56 UTC</createdTime>
<ownerDesignName>Nodelo Entidad-Relación (MER)</ownerDesignName>
<engineerTo>
<item key="FCF5B83F-6056-DE33-EB70-0C22B9796357" value="true"/>
</engineerTo>
<targetPk>3D0B1AC7-B39A-E75C-188A-5A181A8231F0</targetPk>
<identifying>false</identifying>
<optionalSource>true</optionalSource>
<optionalTarget>false</optionalTarget>
<sourceCardinality>1</sourceCardinality>
<sourceEntity>E5F29DCB-E8CB-3E7D-F294-49A5E65339A8</sourceEntity>
<targetCardinalityString>*</targetCardinalityString>
<targetEntity>E5F29DCB-E8CB-3E7D-F294-49A5E65339A8</targetEntity>
<transferable>true</transferable>
<deleteRule>NO ACTION</deleteRule>
</Relation>