<?xml version = '1.0' encoding = 'UTF-8'?>
<Relation class="oracle.dbtools.crest.model.design.logical.Relation" name="Relation_7" directorySegmentName="seg_0" id="2CDFD406-8558-F1C9-332C-4C2E36A5A5FF">
<createdBy>cami</createdBy>
<createdTime>2025-09-02 02:47:23 UTC</createdTime>
<ownerDesignName>Nodelo Entidad-Relación (MER)</ownerDesignName>
<engineerTo>
<item key="FCF5B83F-6056-DE33-EB70-0C22B9796357" value="true"/>
</engineerTo>
<targetPk>744B7E3D-E34C-C254-6892-6B6C198B918E</targetPk>
<identifying>false</identifying>
<optionalSource>false</optionalSource>
<optionalTarget>true</optionalTarget>
<sourceCardinality>1</sourceCardinality>
<sourceEntity>C2AA04DC-22F7-39BE-785F-9EF2243002BA</sourceEntity>
<targetCardinalityString>1</targetCardinalityString>
<targetEntity>DFE1225E-FB42-B1F5-AC8E-01DF5A6020C5</targetEntity>
<transferable>true</transferable>
<deleteRule>NO ACTION</deleteRule>
</Relation>