<?xml version = '1.0' encoding = 'UTF-8'?>
<Relation class="oracle.dbtools.crest.model.design.logical.Relation" name="Relation_6" directorySegmentName="seg_0" id="339F185F-99CC-1259-16F6-4912140A40ED">
<createdBy>cami</createdBy>
<createdTime>2025-09-02 02:45:59 UTC</createdTime>
<ownerDesignName>Nodelo Entidad-Relación (MER)</ownerDesignName>
<engineerTo>
<item key="FCF5B83F-6056-DE33-EB70-0C22B9796357" value="true"/>
</engineerTo>
<sourcePk>66DBEB21-BA1E-17C3-6417-9AE5678BF6DF</sourcePk>
<identifying>false</identifying>
<optionalSource>false</optionalSource>
<optionalTarget>false</optionalTarget>
<sourceCardinality>1</sourceCardinality>
<sourceEntity>595CD87E-9F0E-BC06-D319-BB9436B5FF2D</sourceEntity>
<targetCardinalityString>*</targetCardinalityString>
<targetEntity>1C7DCBBF-E869-75C7-974C-2FC0F7D5ADE3</targetEntity>
<transferable>true</transferable>
<deleteRule>NO ACTION</deleteRule>
</Relation>