<?xml version = '1.0' encoding = 'UTF-8'?>
<Relation class="oracle.dbtools.crest.model.design.logical.Relation" name="Relation_2" directorySegmentName="seg_0" id="5BBDCEB4-9633-7B01-1713-7BCC3AFCB919">
<createdBy>cami</createdBy>
<createdTime>2025-09-02 02:43:04 UTC</createdTime>
<ownerDesignName>Nodelo Entidad-Relación (MER)</ownerDesignName>
<engineerTo>
<item key="FCF5B83F-6056-DE33-EB70-0C22B9796357" value="true"/>
</engineerTo>
<sourcePk>CC005D63-8234-3715-B94A-9D362D9537C9</sourcePk>
<identifying>false</identifying>
<optionalSource>false</optionalSource>
<optionalTarget>false</optionalTarget>
<sourceCardinality>1</sourceCardinality>
<sourceEntity>4CE06B6E-A185-DB69-B1D4-851023BE2DEB</sourceEntity>
<targetCardinalityString>*</targetCardinalityString>
<targetEntity>E5343EF2-F297-96C6-48B5-F1D8E3D505FE</targetEntity>
<transferable>true</transferable>
<deleteRule>NO ACTION</deleteRule>
</Relation>