<?xml version = '1.0' encoding = 'UTF-8'?>
<Relation class="oracle.dbtools.crest.model.design.logical.Relation" name="Relation_4" directorySegmentName="seg_0" id="8BE10557-324F-FA0D-987D-C4E2BB4CD55A">
<createdBy>cami</createdBy>
<createdTime>2025-09-02 02:44:31 UTC</createdTime>
<ownerDesignName>Nodelo Entidad-Relación (MER)</ownerDesignName>
<engineerTo>
<item key="FCF5B83F-6056-DE33-EB70-0C22B9796357" value="true"/>
</engineerTo>
<sourcePk>3D0B1AC7-B39A-E75C-188A-5A181A8231F0</sourcePk>
<targetPk>95E19D4D-1217-5B88-FE64-9702ABA2380D</targetPk>
<identifying>false</identifying>
<optionalSource>false</optionalSource>
<optionalTarget>false</optionalTarget>
<sourceCardinality>1</sourceCardinality>
<sourceEntity>C2AA04DC-22F7-39BE-785F-9EF2243002BA</sourceEntity>
<targetCardinalityString>1</targetCardinalityString>
<targetEntity>E5343EF2-F297-96C6-48B5-F1D8E3D505FE</targetEntity>
<transferable>true</transferable>
<deleteRule>NO ACTION</deleteRule>
</Relation>