<?xml version = '1.0' encoding = 'UTF-8'?>
<Relation class="oracle.dbtools.crest.model.design.logical.Relation" name="Relation_1" directorySegmentName="seg_0" id="FC9FE1A0-6FF9-CD7C-7D5D-7636BD7140F0">
<createdBy>cami</createdBy>
<createdTime>2025-09-02 02:42:46 UTC</createdTime>
<ownerDesignName>Nodelo Entidad-Relación (MER)</ownerDesignName>
<engineerTo>
<item key="FCF5B83F-6056-DE33-EB70-0C22B9796357" value="true"/>
</engineerTo>
<sourcePk>3D0B1AC7-B39A-E75C-188A-5A181A8231F0</sourcePk>
<identifying>false</identifying>
<optionalSource>false</optionalSource>
<optionalTarget>false</optionalTarget>
<sourceCardinality>1</sourceCardinality>
<sourceEntity>9FC17A42-F09F-66F0-98B0-B27238845053</sourceEntity>
<targetCardinalityString>*</targetCardinalityString>
<targetEntity>4CE06B6E-A185-DB69-B1D4-851023BE2DEB</targetEntity>
<transferable>true</transferable>
<deleteRule>NO ACTION</deleteRule>
</Relation>