<?xml version = '1.0' encoding = 'UTF-8'?>
<Entity class="oracle.dbtools.crest.model.design.logical.Entity" directorySegmentName="seg_0" id="6E4A5CDB-26FA-495B-9AB8-8C5469810929" name="TEMPORAL">
<createdBy>cami</createdBy>
<createdTime>2025-09-02 02:22:09 UTC</createdTime>
<ownerDesignName>Nodelo Entidad-Relación (MER)</ownerDesignName>
<engineerTo>
<item key="FCF5B83F-6056-DE33-EB70-0C22B9796357" value="true"/>
</engineerTo>
<adequatelyNormalized>NO</adequatelyNormalized>
<expectedVolumes>0</expectedVolumes>
<fwdEngineeringStrategyName>Single Table</fwdEngineeringStrategyName>
<growthPercent>0</growthPercent>
<growthType>Year</growthType>
<hierarchicalParent>C2AA04DC-22F7-39BE-785F-9EF2243002BA</hierarchicalParent>
<maxVolumes>9999999</maxVolumes>
<minVolumes>0</minVolumes>
<normalForm>Third</normalForm>
<attributes itemClass="oracle.dbtools.crest.model.design.logical.Attribute">
<Attribute name="dias_estadia_previstos" id="F379C676-0F15-EB26-6AC0-D7F08565BC5A">
<createdBy>cami</createdBy>
<createdTime>2025-09-02 02:22:40 UTC</createdTime>
<ownerDesignName>Nodelo Entidad-Relación (MER)</ownerDesignName>
<engineerTo>
<item key="FCF5B83F-6056-DE33-EB70-0C22B9796357" value="true"/>
</engineerTo>
<useDomainConstraints>false</useDomainConstraints>
<use>1</use>
<logicalDatatype>LOGDT019</logicalDatatype>
<dataTypePrecision>5</dataTypePrecision>
<ownDataTypeParameters>,5,</ownDataTypeParameters>
</Attribute>
</attributes>
</Entity>