<?xml version = '1.0' encoding = 'UTF-8'?>
<Entity class="oracle.dbtools.crest.model.design.logical.Entity" directorySegmentName="seg_0" id="C2AA04DC-22F7-39BE-785F-9EF2243002BA" name="RESIDENTE">
<createdBy>cami</createdBy>
<createdTime>2025-09-02 02:21:49 UTC</createdTime>
<ownerDesignName>Nodelo Entidad-Relación (MER)</ownerDesignName>
<engineerTo>
<item key="FCF5B83F-6056-DE33-EB70-0C22B9796357" value="true"/>
</engineerTo>
<adequatelyNormalized>NO</adequatelyNormalized>
<expectedVolumes>0</expectedVolumes>
<fwdEngineeringStrategyName>Single Table</fwdEngineeringStrategyName>
<growthPercent>0</growthPercent>
<growthType>Year</growthType>
<hierarchicalParent>24B0D6F0-C028-C2FA-ECC3-0B6128531A2C</hierarchicalParent>
<maxVolumes>9999999</maxVolumes>
<minVolumes>0</minVolumes>
<normalForm>Third</normalForm>
<attributes itemClass="oracle.dbtools.crest.model.design.logical.Attribute">
<Attribute name="id_anexo" id="F2C22BC5-B035-ACD6-7C30-44A9DCB09A72">
<createdBy>cami</createdBy>
<createdTime>2025-09-02 02:44:33 UTC</createdTime>
<generatorID>8BE10557-324F-FA0D-987D-C4E2BB4CD55A</generatorID>
<ownerDesignName>Nodelo Entidad-Relación (MER)</ownerDesignName>
<engineerTo>
<item key="FCF5B83F-6056-DE33-EB70-0C22B9796357" value="true"/>
</engineerTo>
<referedAttribute>71298DDF-EF9A-7EC1-E091-4649F394D05F</referedAttribute>
<useDomainConstraints>false</useDomainConstraints>
<use>1</use>
<logicalDatatype>LOGDT024</logicalDatatype>
<dataTypeSize>10</dataTypeSize>
<ownDataTypeParameters>,,</ownDataTypeParameters>
</Attribute>
<Attribute name="numero_habitacion" id="4398219B-0B91-8DEA-CF68-F3FFA7621535">
<createdBy>cami</createdBy>
<createdTime>2025-09-02 02:47:32 UTC</createdTime>
<generatorID>2CDFD406-8558-F1C9-332C-4C2E36A5A5FF</generatorID>
<ownerDesignName>Nodelo Entidad-Relación (MER)</ownerDesignName>
<engineerTo>
<item key="FCF5B83F-6056-DE33-EB70-0C22B9796357" value="true"/>
</engineerTo>
<referedAttribute>12ABEDBA-4703-8172-05B8-5EAEB5E8F13B</referedAttribute>
<useDomainConstraints>false</useDomainConstraints>
<use>1</use>
<logicalDatatype>LOGDT019</logicalDatatype>
<dataTypePrecision>5</dataTypePrecision>
<ownDataTypeParameters>,,</ownDataTypeParameters>
</Attribute>
</attributes>
</Entity>