<?xml version = '1.0' encoding = 'UTF-8'?>
<Entity class="oracle.dbtools.crest.model.design.logical.Entity" directorySegmentName="seg_0" id="DFE1225E-FB42-B1F5-AC8E-01DF5A6020C5" name="HABITACION">
<createdBy>cami</createdBy>
<createdTime>2025-09-02 02:18:04 UTC</createdTime>
<ownerDesignName>Nodelo Entidad-Relación (MER)</ownerDesignName>
<engineerTo>
<item key="FCF5B83F-6056-DE33-EB70-0C22B9796357" value="true"/>
</engineerTo>
<adequatelyNormalized>NO</adequatelyNormalized>
<expectedVolumes>0</expectedVolumes>
<fwdEngineeringStrategyName>Single Table</fwdEngineeringStrategyName>
<growthPercent>0</growthPercent>
<growthType>Year</growthType>
<maxVolumes>9999999</maxVolumes>
<minVolumes>0</minVolumes>
<normalForm>Third</normalForm>
<attributes itemClass="oracle.dbtools.crest.model.design.logical.Attribute">
<Attribute name="numero_habitacion" id="12ABEDBA-4703-8172-05B8-5EAEB5E8F13B">
<createdBy>cami</createdBy>
<createdTime>2025-09-02 02:18:11 UTC</createdTime>
<ownerDesignName>Nodelo Entidad-Relación (MER)</ownerDesignName>
<engineerTo>
<item key="FCF5B83F-6056-DE33-EB70-0C22B9796357" value="true"/>
</engineerTo>
<useDomainConstraints>false</useDomainConstraints>
<use>1</use>
<logicalDatatype>LOGDT019</logicalDatatype>
<dataTypePrecision>5</dataTypePrecision>
<ownDataTypeParameters>,5,</ownDataTypeParameters>
</Attribute>
<Attribute name="tipo_habitacion " id="03C76893-EA36-88BF-BFC0-D0FBFDE22D19">
<createdBy>cami</createdBy>
<createdTime>2025-09-02 02:18:27 UTC</createdTime>
<ownerDesignName>Nodelo Entidad-Relación (MER)</ownerDesignName>
<engineerTo>
<item key="FCF5B83F-6056-DE33-EB70-0C22B9796357" value="true"/>
</engineerTo>
<useDomainConstraints>false</useDomainConstraints>
<use>1</use>
<logicalDatatype>LOGDT024</logicalDatatype>
<dataTypeSize>20</dataTypeSize>
<ownDataTypeParameters>20,,</ownDataTypeParameters>
</Attribute>
<Attribute name="id_residencia" id="5F09B8FB-255B-F735-A30B-8E6CB5AE4DE5">
<createdBy>cami</createdBy>
<createdTime>2025-09-02 02:45:26 UTC</createdTime>
<generatorID>753DD567-84FE-ED9B-0C0A-C9737FF62DE5</generatorID>
<ownerDesignName>Nodelo Entidad-Relación (MER)</ownerDesignName>
<engineerTo>
<item key="FCF5B83F-6056-DE33-EB70-0C22B9796357" value="true"/>
</engineerTo>
<referedAttribute>512BECFD-C085-1F77-213F-F719F7D4487F</referedAttribute>
<useDomainConstraints>false</useDomainConstraints>
<use>1</use>
<logicalDatatype>LOGDT024</logicalDatatype>
<dataTypeSize>10</dataTypeSize>
<ownDataTypeParameters>,,</ownDataTypeParameters>
</Attribute>
</attributes>
<identifiers itemClass="oracle.dbtools.crest.model.design.logical.CandidateKey">
<identifier id="744B7E3D-E34C-C254-6892-6B6C198B918E" name="HABITACION PK">
<createdBy>cami</createdBy>
<createdTime>2025-09-02 02:18:24 UTC</createdTime>
<ownerDesignName>Nodelo Entidad-Relación (MER)</ownerDesignName>
<engineerTo>
<item key="FCF5B83F-6056-DE33-EB70-0C22B9796357" value="true"/>
</engineerTo>
<pk>true</pk>
<usedAttributes>
<attributeRef>12ABEDBA-4703-8172-05B8-5EAEB5E8F13B</attributeRef>
</usedAttributes>
</identifier>
</identifiers>
</Entity>