<?xml version = '1.0' encoding = 'UTF-8'?>
<Entity class="oracle.dbtools.crest.model.design.logical.Entity" directorySegmentName="seg_0" id="E5343EF2-F297-96C6-48B5-F1D8E3D505FE" name="ANEXO">
<createdBy>cami</createdBy>
<createdTime>2025-09-02 02:17:06 UTC</createdTime>
<ownerDesignName>Nodelo Entidad-Relación (MER)</ownerDesignName>
<engineerTo>
<item key="FCF5B83F-6056-DE33-EB70-0C22B9796357" value="true"/>
</engineerTo>
<adequatelyNormalized>NO</adequatelyNormalized>
<expectedVolumes>0</expectedVolumes>
<fwdEngineeringStrategyName>Single Table</fwdEngineeringStrategyName>
<growthPercent>0</growthPercent>
<growthType>Year</growthType>
<maxVolumes>9999999</maxVolumes>
<minVolumes>0</minVolumes>
<normalForm>Third</normalForm>
<attributes itemClass="oracle.dbtools.crest.model.design.logical.Attribute">
<Attribute name="id_anexo" id="71298DDF-EF9A-7EC1-E091-4649F394D05F">
<createdBy>cami</createdBy>
<createdTime>2025-09-02 02:17:12 UTC</createdTime>
<ownerDesignName>Nodelo Entidad-Relación (MER)</ownerDesignName>
<engineerTo>
<item key="FCF5B83F-6056-DE33-EB70-0C22B9796357" value="true"/>
</engineerTo>
<useDomainConstraints>false</useDomainConstraints>
<use>1</use>
<logicalDatatype>LOGDT024</logicalDatatype>
<dataTypeSize>10</dataTypeSize>
<ownDataTypeParameters>10,,</ownDataTypeParameters>
</Attribute>
<Attribute name="fecha_inicio_estadia" id="910FA7A0-AAB9-DC45-F3BF-BD3A44D824DA">
<createdBy>cami</createdBy>
<createdTime>2025-09-02 02:17:24 UTC</createdTime>
<ownerDesignName>Nodelo Entidad-Relación (MER)</ownerDesignName>
<engineerTo>
<item key="FCF5B83F-6056-DE33-EB70-0C22B9796357" value="true"/>
</engineerTo>
<useDomainConstraints>false</useDomainConstraints>
<use>1</use>
<logicalDatatype>LOGDT007</logicalDatatype>
<ownDataTypeParameters>,,</ownDataTypeParameters>
</Attribute>
<Attribute name="fecha_termino_estadia" id="A142EC32-A763-B73D-789C-B501B92E3AE9">
<createdBy>cami</createdBy>
<createdTime>2025-09-02 02:17:37 UTC</createdTime>
<ownerDesignName>Nodelo Entidad-Relación (MER)</ownerDesignName>
<engineerTo>
<item key="FCF5B83F-6056-DE33-EB70-0C22B9796357" value="true"/>
</engineerTo>
<nullsAllowed>true</nullsAllowed>
<useDomainConstraints>false</useDomainConstraints>
<use>1</use>
<logicalDatatype>LOGDT007</logicalDatatype>
<ownDataTypeParameters>,,</ownDataTypeParameters>
</Attribute>
<Attribute name="observaciones" id="50854D56-A30C-2298-3F02-695F01DB1A82">
<createdBy>cami</createdBy>
<createdTime>2025-09-02 02:17:48 UTC</createdTime>
<ownerDesignName>Nodelo Entidad-Relación (MER)</ownerDesignName>
<engineerTo>
<item key="FCF5B83F-6056-DE33-EB70-0C22B9796357" value="true"/>
</engineerTo>
<nullsAllowed>true</nullsAllowed>
<useDomainConstraints>false</useDomainConstraints>
<use>1</use>
<logicalDatatype>LOGDT024</logicalDatatype>
<dataTypeSize>500</dataTypeSize>
<ownDataTypeParameters>500,,</ownDataTypeParameters>
</Attribute>
<Attribute name="id_contrato" id="E8CA7034-C4B8-2F42-EA03-6F18D33F11AC">
<createdBy>cami</createdBy>
<createdTime>2025-09-02 02:43:04 UTC</createdTime>
<generatorID>5BBDCEB4-9633-7B01-1713-7BCC3AFCB919</generatorID>
<ownerDesignName>Nodelo Entidad-Relación (MER)</ownerDesignName>
<engineerTo>
<item key="FCF5B83F-6056-DE33-EB70-0C22B9796357" value="true"/>
</engineerTo>
<referedAttribute>2CA45C48-BCFB-5485-5402-E6929D42A588</referedAttribute>
<useDomainConstraints>false</useDomainConstraints>
<use>1</use>
<logicalDatatype>LOGDT024</logicalDatatype>
<dataTypeSize>10</dataTypeSize>
<ownDataTypeParameters>,,</ownDataTypeParameters>
</Attribute>
<Attribute name="rut" id="FAE6FC4D-F3EE-538E-4ED6-ECF0071F6021">
<createdBy>cami</createdBy>
<createdTime>2025-09-02 02:44:31 UTC</createdTime>
<generatorID>8BE10557-324F-FA0D-987D-C4E2BB4CD55A</generatorID>
<ownerDesignName>Nodelo Entidad-Relación (MER)</ownerDesignName>
<engineerTo>
<item key="FCF5B83F-6056-DE33-EB70-0C22B9796357" value="true"/>
</engineerTo>
<referedAttribute>AB527EFA-56C6-D372-AF0D-F03A0D65A4ED</referedAttribute>
<useDomainConstraints>false</useDomainConstraints>
<use>1</use>
<logicalDatatype>LOGDT025</logicalDatatype>
<dataTypeSize>12</dataTypeSize>
<ownDataTypeParameters>,,</ownDataTypeParameters>
</Attribute>
</attributes>
<identifiers itemClass="oracle.dbtools.crest.model.design.logical.CandidateKey">
<identifier id="95E19D4D-1217-5B88-FE64-9702ABA2380D" name="ANEXO PK">
<createdBy>cami</createdBy>
<createdTime>2025-09-02 02:17:23 UTC</createdTime>
<ownerDesignName>Nodelo Entidad-Relación (MER)</ownerDesignName>
<engineerTo>
<item key="FCF5B83F-6056-DE33-EB70-0C22B9796357" value="true"/>
</engineerTo>
<pk>true</pk>
<usedAttributes>
<attributeRef>71298DDF-EF9A-7EC1-E091-4649F394D05F</attributeRef>
</usedAttributes>
</identifier>
</identifiers>
</Entity>