<?xml version = '1.0' encoding = 'UTF-8'?>
<Entity class="oracle.dbtools.crest.model.design.logical.Entity" directorySegmentName="seg_0" id="1726B190-2BEC-BC28-A07B-067E87442157" name="RESIDENTE">
<createdBy>cami</createdBy>
<createdTime>2025-09-02 03:23:47 UTC</createdTime>
<ownerDesignName>Modelo en notación de Bachman</ownerDesignName>
<engineerTo>
<item key="CD83DAD8-2DAA-159F-B3A8-89B2E62DA827" value="true"/>
</engineerTo>
<adequatelyNormalized>NO</adequatelyNormalized>
<expectedVolumes>0</expectedVolumes>
<fwdEngineeringStrategyName>Single Table</fwdEngineeringStrategyName>
<growthPercent>0</growthPercent>
<growthType>Year</growthType>
<hierarchicalParent>D434EBDC-5B69-D81A-5348-D646A0C9DB3E</hierarchicalParent>
<maxVolumes>9999999</maxVolumes>
<minVolumes>0</minVolumes>
<normalForm>Third</normalForm>
<attributes itemClass="oracle.dbtools.crest.model.design.logical.Attribute">
<Attribute name="id_anexo" id="CB6EB74B-8CCE-8DED-B1A3-E62716D55C37">
<createdBy>cami</createdBy>
<createdTime>2025-09-02 03:30:55 UTC</createdTime>
<generatorID>C45DB6B9-9076-A8E0-961B-3AEF23659D1F</generatorID>
<ownerDesignName>Modelo en notación de Bachman</ownerDesignName>
<engineerTo>
<item key="CD83DAD8-2DAA-159F-B3A8-89B2E62DA827" value="true"/>
</engineerTo>
<referedAttribute>D16227F3-2AD3-FCD2-0A8A-4DD80FF38B60</referedAttribute>
<useDomainConstraints>false</useDomainConstraints>
<use>1</use>
<logicalDatatype>LOGDT024</logicalDatatype>
<dataTypeSize>10</dataTypeSize>
<ownDataTypeParameters>,,</ownDataTypeParameters>
</Attribute>
<Attribute name="numero_habitacion" id="C4185036-68D1-4A72-4C91-5F4DB425C941">
<createdBy>cami</createdBy>
<createdTime>2025-09-02 03:31:44 UTC</createdTime>
<generatorID>436330C0-F44A-CBA2-97CD-E355EE9AA774</generatorID>
<ownerDesignName>Modelo en notación de Bachman</ownerDesignName>
<engineerTo>
<item key="CD83DAD8-2DAA-159F-B3A8-89B2E62DA827" value="true"/>
</engineerTo>
<referedAttribute>62998C0C-3A75-7545-1142-2CFFFA9C2D40</referedAttribute>
<useDomainConstraints>false</useDomainConstraints>
<use>1</use>
<logicalDatatype>LOGDT019</logicalDatatype>
<dataTypePrecision>5</dataTypePrecision>
<ownDataTypeParameters>,,</ownDataTypeParameters>
</Attribute>
<Attribute name="id_contrato " id="1E4F887E-E1B4-840D-560A-F1A20DE0BD2C">
<createdBy>cami</createdBy>
<createdTime>2025-09-02 03:32:24 UTC</createdTime>
<generatorID>C45DB6B9-9076-A8E0-961B-3AEF23659D1F</generatorID>
<ownerDesignName>Modelo en notación de Bachman</ownerDesignName>
<engineerTo>
<item key="CD83DAD8-2DAA-159F-B3A8-89B2E62DA827" value="true"/>
</engineerTo>
<referedAttribute>BCDCE42E-5496-2AAA-1C38-40EF596D3546</referedAttribute>
<useDomainConstraints>false</useDomainConstraints>
<use>1</use>
<logicalDatatype>LOGDT024</logicalDatatype>
<dataTypeSize>10</dataTypeSize>
<ownDataTypeParameters>,,</ownDataTypeParameters>
</Attribute>
<Attribute name="rut1" id="4F26D1B0-488A-6D8C-E3D3-E63F7C6070A6">
<createdBy>cami</createdBy>
<createdTime>2025-09-02 03:32:24 UTC</createdTime>
<generatorID>C45DB6B9-9076-A8E0-961B-3AEF23659D1F</generatorID>
<ownerDesignName>Modelo en notación de Bachman</ownerDesignName>
<engineerTo>
<item key="CD83DAD8-2DAA-159F-B3A8-89B2E62DA827" value="true"/>
</engineerTo>
<referedAttribute>BAEF8958-6829-6CD6-0D4E-18CFB3946FF8</referedAttribute>
<useDomainConstraints>false</useDomainConstraints>
<use>1</use>
<logicalDatatype>LOGDT025</logicalDatatype>
<dataTypeSize>12</dataTypeSize>
<ownDataTypeParameters>,,</ownDataTypeParameters>
</Attribute>
</attributes>
</Entity>