<?xml version = '1.0' encoding = 'UTF-8'?>
<Entity class="oracle.dbtools.crest.model.design.logical.Entity" directorySegmentName="seg_0" id="43EEF14F-B5CB-3576-F836-FF8C03BB5708" name="TEMPORAL">
<createdBy>cami</createdBy>
<createdTime>2025-09-02 03:24:49 UTC</createdTime>
<ownerDesignName>Modelo en notación de Bachman</ownerDesignName>
<engineerTo>
<item key="CD83DAD8-2DAA-159F-B3A8-89B2E62DA827" value="true"/>
</engineerTo>
<adequatelyNormalized>NO</adequatelyNormalized>
<expectedVolumes>0</expectedVolumes>
<fwdEngineeringStrategyName>Single Table</fwdEngineeringStrategyName>
<growthPercent>0</growthPercent>
<growthType>Year</growthType>
<hierarchicalParent>1726B190-2BEC-BC28-A07B-067E87442157</hierarchicalParent>
<maxVolumes>9999999</maxVolumes>
<minVolumes>0</minVolumes>
<normalForm>Third</normalForm>
<attributes itemClass="oracle.dbtools.crest.model.design.logical.Attribute">
<Attribute name="dias_estadia_previstos" id="3CA8BF33-211E-E385-2B30-6D5D56FC66D2">
<createdBy>cami</createdBy>
<createdTime>2025-09-02 03:25:03 UTC</createdTime>
<ownerDesignName>Modelo en notación de Bachman</ownerDesignName>
<engineerTo>
<item key="CD83DAD8-2DAA-159F-B3A8-89B2E62DA827" value="true"/>
</engineerTo>
<useDomainConstraints>false</useDomainConstraints>
<use>1</use>
<logicalDatatype>LOGDT007</logicalDatatype>
<ownDataTypeParameters>,,</ownDataTypeParameters>
</Attribute>
</attributes>
</Entity>