<?xml version = '1.0' encoding = 'UTF-8'?>
<Entity class="oracle.dbtools.crest.model.design.logical.Entity" directorySegmentName="seg_0" id="B536D835-4564-4D71-D07F-F497C92BDE2E" name="ANEXO">
<createdBy>cami</createdBy>
<createdTime>2025-09-02 03:06:40 UTC</createdTime>
<ownerDesignName>Modelo en notación de Bachman</ownerDesignName>
<engineerTo>
<item key="CD83DAD8-2DAA-159F-B3A8-89B2E62DA827" value="true"/>
</engineerTo>
<adequatelyNormalized>NO</adequatelyNormalized>
<expectedVolumes>0</expectedVolumes>
<fwdEngineeringStrategyName>Single Table</fwdEngineeringStrategyName>
<growthPercent>0</growthPercent>
<growthType>Year</growthType>
<maxVolumes>9999999</maxVolumes>
<minVolumes>0</minVolumes>
<normalForm>Third</normalForm>
<attributes itemClass="oracle.dbtools.crest.model.design.logical.Attribute">
<Attribute name="id_anexo" id="D16227F3-2AD3-FCD2-0A8A-4DD80FF38B60">
<createdBy>cami</createdBy>
<createdTime>2025-09-02 03:06:48 UTC</createdTime>
<ownerDesignName>Modelo en notación de Bachman</ownerDesignName>
<engineerTo>
<item key="CD83DAD8-2DAA-159F-B3A8-89B2E62DA827" value="true"/>
</engineerTo>
<useDomainConstraints>false</useDomainConstraints>
<use>1</use>
<logicalDatatype>LOGDT024</logicalDatatype>
<dataTypeSize>10</dataTypeSize>
<ownDataTypeParameters>10,,</ownDataTypeParameters>
</Attribute>
<Attribute name="fecha_inicio_estadia" id="7DC348C5-1441-806E-8A8A-2D83E9CC88F3">
<createdBy>cami</createdBy>
<createdTime>2025-09-02 03:06:55 UTC</createdTime>
<ownerDesignName>Modelo en notación de Bachman</ownerDesignName>
<engineerTo>
<item key="CD83DAD8-2DAA-159F-B3A8-89B2E62DA827" value="true"/>
</engineerTo>
<useDomainConstraints>false</useDomainConstraints>
<use>1</use>
<logicalDatatype>LOGDT007</logicalDatatype>
<ownDataTypeParameters>,,</ownDataTypeParameters>
</Attribute>
<Attribute name="fecha_termino_estadia" id="42F79695-7BBD-AF1A-10CC-8E943B330C61">
<createdBy>cami</createdBy>
<createdTime>2025-09-02 03:07:04 UTC</createdTime>
<ownerDesignName>Modelo en notación de Bachman</ownerDesignName>
<engineerTo>
<item key="CD83DAD8-2DAA-159F-B3A8-89B2E62DA827" value="true"/>
</engineerTo>
<nullsAllowed>true</nullsAllowed>
<useDomainConstraints>false</useDomainConstraints>
<use>1</use>
<logicalDatatype>LOGDT007</logicalDatatype>
<ownDataTypeParameters>,,</ownDataTypeParameters>
</Attribute>
<Attribute name="observaciones" id="AEF6ED47-FC51-FB0B-F8B3-E88C84F4084D">
<createdBy>cami</createdBy>
<createdTime>2025-09-02 03:07:12 UTC</createdTime>
<ownerDesignName>Modelo en notación de Bachman</ownerDesignName>
<engineerTo>
<item key="CD83DAD8-2DAA-159F-B3A8-89B2E62DA827" value="true"/>
</engineerTo>
<nullsAllowed>true</nullsAllowed>
<useDomainConstraints>false</useDomainConstraints>
<use>1</use>
<logicalDatatype>LOGDT024</logicalDatatype>
<dataTypeSize>500</dataTypeSize>
<ownDataTypeParameters>500,,</ownDataTypeParameters>
</Attribute>
<Attribute name="rut" id="333B2ABE-EA33-0E85-37EC-5198FE109BE3">
<createdBy>cami</createdBy>
<createdTime>2025-09-02 03:30:52 UTC</createdTime>
<generatorID>C45DB6B9-9076-A8E0-961B-3AEF23659D1F</generatorID>
<ownerDesignName>Modelo en notación de Bachman</ownerDesignName>
<engineerTo>
<item key="CD83DAD8-2DAA-159F-B3A8-89B2E62DA827" value="true"/>
</engineerTo>
<referedAttribute>5C27DEBD-5D9F-4DCD-B7E2-DE9FE4B22DB3</referedAttribute>
<useDomainConstraints>false</useDomainConstraints>
<use>1</use>
<logicalDatatype>LOGDT025</logicalDatatype>
<dataTypeSize>12</dataTypeSize>
<ownDataTypeParameters>,,</ownDataTypeParameters>
</Attribute>
<Attribute name="id_contrato " id="BCDCE42E-5496-2AAA-1C38-40EF596D3546">
<createdBy>cami</createdBy>
<createdTime>2025-09-02 03:32:24 UTC</createdTime>
<generatorID>028D2B3C-764F-4480-D081-D92DFDACDD06</generatorID>
<ownerDesignName>Modelo en notación de Bachman</ownerDesignName>
<engineerTo>
<item key="CD83DAD8-2DAA-159F-B3A8-89B2E62DA827" value="true"/>
</engineerTo>
<referedAttribute>2C587F04-C334-15BE-2366-5ADFC45019BB</referedAttribute>
<useDomainConstraints>false</useDomainConstraints>
<use>1</use>
<logicalDatatype>LOGDT024</logicalDatatype>
<dataTypeSize>10</dataTypeSize>
<ownDataTypeParameters>,,</ownDataTypeParameters>
</Attribute>
<Attribute name="rut1" id="BAEF8958-6829-6CD6-0D4E-18CFB3946FF8">
<createdBy>cami</createdBy>
<createdTime>2025-09-02 03:32:24 UTC</createdTime>
<generatorID>028D2B3C-764F-4480-D081-D92DFDACDD06</generatorID>
<ownerDesignName>Modelo en notación de Bachman</ownerDesignName>
<engineerTo>
<item key="CD83DAD8-2DAA-159F-B3A8-89B2E62DA827" value="true"/>
</engineerTo>
<referedAttribute>A5FD46FD-DF6E-3D3F-2AFB-F028C914988F</referedAttribute>
<useDomainConstraints>false</useDomainConstraints>
<use>1</use>
<logicalDatatype>LOGDT025</logicalDatatype>
<dataTypeSize>12</dataTypeSize>
<ownDataTypeParameters>,,</ownDataTypeParameters>
</Attribute>
</attributes>
<identifiers itemClass="oracle.dbtools.crest.model.design.logical.CandidateKey">
<identifier id="7D4B19AF-95EA-94E5-5F7C-65C604B7A0ED" name="ANEXO PK">
<createdBy>cami</createdBy>
<createdTime>2025-09-02 03:06:54 UTC</createdTime>
<ownerDesignName>Modelo en notación de Bachman</ownerDesignName>
<engineerTo>
<item key="CD83DAD8-2DAA-159F-B3A8-89B2E62DA827" value="true"/>
</engineerTo>
<pk>true</pk>
<usedAttributes>
<attributeRef>D16227F3-2AD3-FCD2-0A8A-4DD80FF38B60</attributeRef>
<attributeRef>BCDCE42E-5496-2AAA-1C38-40EF596D3546</attributeRef>
<attributeRef>BAEF8958-6829-6CD6-0D4E-18CFB3946FF8</attributeRef>
</usedAttributes>
</identifier>
</identifiers>
</Entity>