<?xml version = '1.0' encoding = 'UTF-8'?>
<Entity class="oracle.dbtools.crest.model.design.logical.Entity" directorySegmentName="seg_0" id="D85BE52D-6FC0-71CA-FD62-0375C9393275" name="HABITACIÓN">
<createdBy>cami</createdBy>
<createdTime>2025-09-02 03:07:33 UTC</createdTime>
<ownerDesignName>Modelo en notación de Bachman</ownerDesignName>
<engineerTo>
<item key="CD83DAD8-2DAA-159F-B3A8-89B2E62DA827" value="true"/>
</engineerTo>
<adequatelyNormalized>NO</adequatelyNormalized>
<expectedVolumes>0</expectedVolumes>
<fwdEngineeringStrategyName>Single Table</fwdEngineeringStrategyName>
<growthPercent>0</growthPercent>
<growthType>Year</growthType>
<maxVolumes>9999999</maxVolumes>
<minVolumes>0</minVolumes>
<normalForm>Third</normalForm>
<attributes itemClass="oracle.dbtools.crest.model.design.logical.Attribute">
<Attribute name="numero_habitacion" id="62998C0C-3A75-7545-1142-2CFFFA9C2D40">
<createdBy>cami</createdBy>
<createdTime>2025-09-02 03:07:42 UTC</createdTime>
<ownerDesignName>Modelo en notación de Bachman</ownerDesignName>
<engineerTo>
<item key="CD83DAD8-2DAA-159F-B3A8-89B2E62DA827" value="true"/>
</engineerTo>
<useDomainConstraints>false</useDomainConstraints>
<use>1</use>
<logicalDatatype>LOGDT019</logicalDatatype>
<dataTypePrecision>5</dataTypePrecision>
<ownDataTypeParameters>,5,</ownDataTypeParameters>
</Attribute>
<Attribute name="tipo_habitacion" id="154F3CDA-1939-6EED-D674-AD29A4D414F7">
<createdBy>cami</createdBy>
<createdTime>2025-09-02 03:07:54 UTC</createdTime>
<ownerDesignName>Modelo en notación de Bachman</ownerDesignName>
<engineerTo>
<item key="CD83DAD8-2DAA-159F-B3A8-89B2E62DA827" value="true"/>
</engineerTo>
<useDomainConstraints>false</useDomainConstraints>
<use>1</use>
<logicalDatatype>LOGDT024</logicalDatatype>
<dataTypeSize>20</dataTypeSize>
<ownDataTypeParameters>20,,</ownDataTypeParameters>
</Attribute>
<Attribute name="id_residencia" id="0C3AA479-107B-3518-56F5-E19377C6DC9F">
<createdBy>cami</createdBy>
<createdTime>2025-09-02 03:31:54 UTC</createdTime>
<generatorID>2055BCD4-9922-5811-9605-95443DFEA938</generatorID>
<ownerDesignName>Modelo en notación de Bachman</ownerDesignName>
<engineerTo>
<item key="CD83DAD8-2DAA-159F-B3A8-89B2E62DA827" value="true"/>
</engineerTo>
<referedAttribute>3956D80E-E9A6-0D61-CE64-BB77D6882EEC</referedAttribute>
<useDomainConstraints>false</useDomainConstraints>
<use>1</use>
<logicalDatatype>LOGDT024</logicalDatatype>
<dataTypeSize>10</dataTypeSize>
<ownDataTypeParameters>,,</ownDataTypeParameters>
</Attribute>
</attributes>
<identifiers itemClass="oracle.dbtools.crest.model.design.logical.CandidateKey">
<identifier id="75478414-54BA-5B4A-5FD1-B1CB88B6A9DB" name="HABITACIÓN PK">
<createdBy>cami</createdBy>
<createdTime>2025-09-02 03:07:52 UTC</createdTime>
<ownerDesignName>Modelo en notación de Bachman</ownerDesignName>
<engineerTo>
<item key="CD83DAD8-2DAA-159F-B3A8-89B2E62DA827" value="true"/>
</engineerTo>
<pk>true</pk>
<usedAttributes>
<attributeRef>62998C0C-3A75-7545-1142-2CFFFA9C2D40</attributeRef>
</usedAttributes>
</identifier>
</identifiers>
</Entity>