<?xml version = '1.0' encoding = 'UTF-8'?>
<relationalModel class="oracle.dbtools.crest.model.design.relational.RelationalDesign" name="Relational_1" id="FCF5B83F-6056-DE33-EB70-0C22B9796357" mainViewID="B8B41F5F-5A12-281F-66BE-38B0326A5B93">
<createdBy>cami</createdBy>
<createdTime>2025-09-02 02:10:22 UTC</createdTime>
<ownerDesignName>Nodelo Entidad-Relación (MER)</ownerDesignName>
<shouldBeOpen>true</shouldBeOpen>
<selectedRDBMSSite>32076570-2523-435C-2E92-BF29817DFF70</selectedRDBMSSite>
</relationalModel>