<?xml version = '1.0' encoding = 'UTF-8'?>
<Relation class="oracle.dbtools.crest.model.design.logical.InheritanceRelation" name="Hierarchy_7" directorySegmentName="seg_0" id="914655F0-7B50-6E71-1804-11DFD46E1B22">
<createdBy>cami</createdBy>
<createdTime>2025-09-02 02:40:12 UTC</createdTime>
<ownerDesignName>Nodelo Entidad-Relación (MER)</ownerDesignName>
<engineerTo>
<item key="FCF5B83F-6056-DE33-EB70-0C22B9796357" value="true"/>
</engineerTo>
<identifying>false</identifying>
<nameOnSource>Super Type</nameOnSource>
<nameOnTarget>Sub Type</nameOnTarget>
<optionalSource>true</optionalSource>
<optionalTarget>true</optionalTarget>
<sourceEntity>1C7DCBBF-E869-75C7-974C-2FC0F7D5ADE3</sourceEntity>
<targetEntity>E5F29DCB-E8CB-3E7D-F294-49A5E65339A8</targetEntity>
<transferable>true</transferable>
<deleteRule>NO ACTION</deleteRule>
</Relation>