<?xml version = '1.0' encoding = 'UTF-8'?>
<Table class="oracle.dbtools.crest.model.design.relational.Table" directorySegmentName="seg_0" id="26C69F97-8662-253C-4FF5-62E871A0CA09" name="CUIDADOR">
<createdBy>cami</createdBy>
<createdTime>2025-09-02 03:02:08 UTC</createdTime>
<generatorID>2EF642FB-8236-5218-05B9-13BB2CEE1DC6</generatorID>
<ownerDesignName>Nodelo Entidad-Relación (MER)</ownerDesignName>
<allowColumnReorder>false</allowColumnReorder>
<existDependencyGenerateInDDl>true</existDependencyGenerateInDDl>
<parsed>true</parsed>
<columns itemClass="oracle.dbtools.crest.model.design.relational.Column">
<Column name="rut" id="B8B66610-E133-A48A-92A2-4970E8AE3540">
<createdBy>cami</createdBy>
<createdTime>2025-09-02 03:02:08 UTC</createdTime>
<generatorID>AB527EFA-56C6-D372-AF0D-F03A0D65A4ED</generatorID>
<ownerDesignName>Nodelo Entidad-Relación (MER)</ownerDesignName>
<useDomainConstraints>false</useDomainConstraints>
<use>1</use>
<logicalDatatype>LOGDT025</logicalDatatype>
<dataTypeSize>12</dataTypeSize>
<ownDataTypeParameters>,,</ownDataTypeParameters>
<autoIncrementCycle>false</autoIncrementCycle>
<associations>
<colAssociation fkAssociation="91E946D8-443A-93C8-77A2-1D4DD8BE6322" referredColumn="AE8FA6ED-F54A-0320-74CD-79015BA3585F"/>
</associations>
</Column>
</columns>
<indexes itemClass="oracle.dbtools.crest.model.design.relational.Index">
<ind_PK_UK id="BD260866-8506-E6B1-600C-BF5F074C9C90" name="CUIDADOR_PK">
<createdBy>cami</createdBy>
<createdTime>2025-09-02 03:02:08 UTC</createdTime>
<generatorID>3D0B1AC7-B39A-E75C-188A-5A181A8231F0</generatorID>
<ownerDesignName>Nodelo Entidad-Relación (MER)</ownerDesignName>
<pk>true</pk>
<indexState>Primary Constraint</indexState>
<isSurrogateKey>false</isSurrogateKey>
<indexColumnUsage>
<colUsage columnID="B8B66610-E133-A48A-92A2-4970E8AE3540"/>
</indexColumnUsage>
</ind_PK_UK>
<ind_PK_UK id="FB6F7B23-B301-09A3-C3F1-CD26366EEF08" name="CUIDADOR_PERSONAL_FK">
<createdBy>cami</createdBy>
<createdTime>2025-09-02 03:02:08 UTC</createdTime>
<generatorID>1698EE4C-8B88-3025-CE0E-50007FBDB664</generatorID>
<ownerDesignName>Nodelo Entidad-Relación (MER)</ownerDesignName>
<indexState>Foreign Key</indexState>
<isSurrogateKey>false</isSurrogateKey>
<indexColumnUsage>
<colUsage columnID="B8B66610-E133-A48A-92A2-4970E8AE3540"/>
</indexColumnUsage>
</ind_PK_UK>
</indexes>
</Table>