<?xml version = '1.0' encoding = 'UTF-8'?>
<Table class="oracle.dbtools.crest.model.design.relational.Table" directorySegmentName="seg_0" id="602133BD-4C82-C648-9434-2D0B03A3BE34" name="RESIDENCIA">
<createdBy>cami</createdBy>
<createdTime>2025-09-02 03:02:08 UTC</createdTime>
<generatorID>595CD87E-9F0E-BC06-D319-BB9436B5FF2D</generatorID>
<ownerDesignName>Nodelo Entidad-Relación (MER)</ownerDesignName>
<allowColumnReorder>false</allowColumnReorder>
<existDependencyGenerateInDDl>true</existDependencyGenerateInDDl>
<parsed>true</parsed>
<columns itemClass="oracle.dbtools.crest.model.design.relational.Column">
<Column name="id_residencia" id="9D817166-5C86-B987-27E1-393B9CD2C7B5">
<createdBy>cami</createdBy>
<createdTime>2025-09-02 03:02:08 UTC</createdTime>
<generatorID>512BECFD-C085-1F77-213F-F719F7D4487F</generatorID>
<ownerDesignName>Nodelo Entidad-Relación (MER)</ownerDesignName>
<useDomainConstraints>false</useDomainConstraints>
<use>1</use>
<logicalDatatype>LOGDT024</logicalDatatype>
<dataTypeSize>10</dataTypeSize>
<ownDataTypeParameters>10,,</ownDataTypeParameters>
<autoIncrementCycle>false</autoIncrementCycle>
</Column>
<Column name="nombre_residencia" id="59FFBB95-4D1B-9229-7C9F-4917AE0A845B">
<createdBy>cami</createdBy>
<createdTime>2025-09-02 03:02:08 UTC</createdTime>
<generatorID>CC2BB781-7464-2C22-A6ED-FF5C5D699126</generatorID>
<ownerDesignName>Nodelo Entidad-Relación (MER)</ownerDesignName>
<useDomainConstraints>false</useDomainConstraints>
<use>1</use>
<logicalDatatype>LOGDT024</logicalDatatype>
<dataTypeSize>100</dataTypeSize>
<ownDataTypeParameters>100,,</ownDataTypeParameters>
<autoIncrementCycle>false</autoIncrementCycle>
</Column>
<Column name="direccion" id="352EF783-F8A4-F6A9-0261-4EAA5774C2F5">
<createdBy>cami</createdBy>
<createdTime>2025-09-02 03:02:08 UTC</createdTime>
<generatorID>EE2AE564-4A1A-114F-15F0-78FE799AEEB6</generatorID>
<ownerDesignName>Nodelo Entidad-Relación (MER)</ownerDesignName>
<useDomainConstraints>false</useDomainConstraints>
<use>1</use>
<logicalDatatype>LOGDT024</logicalDatatype>
<dataTypeSize>200</dataTypeSize>
<ownDataTypeParameters>200,,</ownDataTypeParameters>
<autoIncrementCycle>false</autoIncrementCycle>
</Column>
<Column name="comuna" id="6FE7F3FB-EDEE-3D11-6734-47D11619685B">
<createdBy>cami</createdBy>
<createdTime>2025-09-02 03:02:08 UTC</createdTime>
<generatorID>29D46E22-DA08-0F15-3099-16948B68F812</generatorID>
<ownerDesignName>Nodelo Entidad-Relación (MER)</ownerDesignName>
<useDomainConstraints>false</useDomainConstraints>
<use>1</use>
<logicalDatatype>LOGDT024</logicalDatatype>
<dataTypeSize>50</dataTypeSize>
<ownDataTypeParameters>50,,</ownDataTypeParameters>
<autoIncrementCycle>false</autoIncrementCycle>
</Column>
</columns>
<indexes itemClass="oracle.dbtools.crest.model.design.relational.Index">
<ind_PK_UK id="32554D94-1A0C-778D-67DD-7154402616A2" name="RESIDENCIA_PK">
<createdBy>cami</createdBy>
<createdTime>2025-09-02 03:02:08 UTC</createdTime>
<generatorID>66DBEB21-BA1E-17C3-6417-9AE5678BF6DF</generatorID>
<ownerDesignName>Nodelo Entidad-Relación (MER)</ownerDesignName>
<pk>true</pk>
<indexState>Primary Constraint</indexState>
<isSurrogateKey>false</isSurrogateKey>
<indexColumnUsage>
<colUsage columnID="9D817166-5C86-B987-27E1-393B9CD2C7B5"/>
</indexColumnUsage>
</ind_PK_UK>
</indexes>
</Table>