<?xml version = '1.0' encoding = 'UTF-8'?>
<Table class="oracle.dbtools.crest.model.design.relational.Table" directorySegmentName="seg_0" id="937FD64F-207F-A61B-97ED-FE62CE0E887F" name="PERSONAL">
<createdBy>cami</createdBy>
<createdTime>2025-09-02 03:02:08 UTC</createdTime>
<generatorID>1C7DCBBF-E869-75C7-974C-2FC0F7D5ADE3</generatorID>
<ownerDesignName>Nodelo Entidad-Relación (MER)</ownerDesignName>
<allowColumnReorder>false</allowColumnReorder>
<existDependencyGenerateInDDl>true</existDependencyGenerateInDDl>
<parsed>true</parsed>
<columns itemClass="oracle.dbtools.crest.model.design.relational.Column">
<Column name="rut" id="AE8FA6ED-F54A-0320-74CD-79015BA3585F">
<createdBy>cami</createdBy>
<createdTime>2025-09-02 03:02:08 UTC</createdTime>
<generatorID>AB527EFA-56C6-D372-AF0D-F03A0D65A4ED</generatorID>
<ownerDesignName>Nodelo Entidad-Relación (MER)</ownerDesignName>
<useDomainConstraints>false</useDomainConstraints>
<use>1</use>
<logicalDatatype>LOGDT025</logicalDatatype>
<dataTypeSize>12</dataTypeSize>
<ownDataTypeParameters>,,</ownDataTypeParameters>
<autoIncrementCycle>false</autoIncrementCycle>
<associations>
<colAssociation fkAssociation="543BCB87-4DBD-B38D-82F9-5066836AE60B" referredColumn="028B3769-C590-7384-6B2A-9FD5B3FC6A0B"/>
</associations>
</Column>
<Column name="nombre_completo" id="5E0D2C54-B5C1-6F0C-BA07-C0EF5C9D7048">
<createdBy>cami</createdBy>
<createdTime>2025-09-02 03:02:08 UTC</createdTime>
<generatorID>9B7609E9-4C76-C69E-8009-A0E70E2D4311</generatorID>
<ownerDesignName>Nodelo Entidad-Relación (MER)</ownerDesignName>
<useDomainConstraints>false</useDomainConstraints>
<use>1</use>
<logicalDatatype>LOGDT024</logicalDatatype>
<dataTypeSize>100</dataTypeSize>
<ownDataTypeParameters>100,,</ownDataTypeParameters>
<autoIncrementCycle>false</autoIncrementCycle>
</Column>
<Column name="telefono" id="3F2CBD25-6FCC-0730-5CEB-7BD4D4BD91B5">
<createdBy>cami</createdBy>
<createdTime>2025-09-02 03:02:08 UTC</createdTime>
<generatorID>F2692E42-D8BC-1C85-807E-895FD1039E2D</generatorID>
<ownerDesignName>Nodelo Entidad-Relación (MER)</ownerDesignName>
<nullsAllowed>true</nullsAllowed>
<useDomainConstraints>false</useDomainConstraints>
<use>1</use>
<logicalDatatype>LOGDT019</logicalDatatype>
<dataTypePrecision>15</dataTypePrecision>
<ownDataTypeParameters>,15,</ownDataTypeParameters>
<autoIncrementCycle>false</autoIncrementCycle>
</Column>
<Column name="fecha_ingreso" id="E15F1B71-B86B-7BAB-5BED-A3AF9003D6A3">
<createdBy>cami</createdBy>
<createdTime>2025-09-02 03:02:08 UTC</createdTime>
<generatorID>9A284F7E-93DF-CB32-F61D-72168F60C0FC</generatorID>
<ownerDesignName>Nodelo Entidad-Relación (MER)</ownerDesignName>
<useDomainConstraints>false</useDomainConstraints>
<use>1</use>
<logicalDatatype>LOGDT007</logicalDatatype>
<ownDataTypeParameters>,,</ownDataTypeParameters>
<autoIncrementCycle>false</autoIncrementCycle>
</Column>
<Column name="RESIDENCIA_id_residencia" id="8F0213A8-ADFC-1179-FADE-EFF85565BB47">
<createdBy>cami</createdBy>
<createdTime>2025-09-02 03:02:08 UTC</createdTime>
<generatorID>2D157A0D-16E0-16F7-7CE9-A7B15645F726</generatorID>
<ownerDesignName>Nodelo Entidad-Relación (MER)</ownerDesignName>
<useDomainConstraints>false</useDomainConstraints>
<use>1</use>
<logicalDatatype>LOGDT024</logicalDatatype>
<dataTypeSize>10</dataTypeSize>
<ownDataTypeParameters>,,</ownDataTypeParameters>
<previousColumn>false</previousColumn>
<autoIncrementCycle>false</autoIncrementCycle>
<associations>
<colAssociation fkAssociation="2D62A3AE-AA34-B0D3-5279-FCB772B559EF" referredColumn="9D817166-5C86-B987-27E1-393B9CD2C7B5"/>
</associations>
</Column>
</columns>
<indexes itemClass="oracle.dbtools.crest.model.design.relational.Index">
<ind_PK_UK id="D9F5F774-5E36-9183-BD29-C74D55079296" name="PERSONAL_PK">
<createdBy>cami</createdBy>
<createdTime>2025-09-02 03:02:08 UTC</createdTime>
<generatorID>3D0B1AC7-B39A-E75C-188A-5A181A8231F0</generatorID>
<ownerDesignName>Nodelo Entidad-Relación (MER)</ownerDesignName>
<pk>true</pk>
<indexState>Primary Constraint</indexState>
<isSurrogateKey>false</isSurrogateKey>
<indexColumnUsage>
<colUsage columnID="AE8FA6ED-F54A-0320-74CD-79015BA3585F"/>
</indexColumnUsage>
</ind_PK_UK>
<ind_PK_UK id="2B1C6BDD-1A97-0C23-A631-8B35DBB7DCF9" name="PERSONAL_PERSONA_FK">
<createdBy>cami</createdBy>
<createdTime>2025-09-02 03:02:08 UTC</createdTime>
<generatorID>16E57B8E-124B-3AFE-1763-6D591D45AB97</generatorID>
<ownerDesignName>Nodelo Entidad-Relación (MER)</ownerDesignName>
<indexState>Foreign Key</indexState>
<isSurrogateKey>false</isSurrogateKey>
<indexColumnUsage>
<colUsage columnID="AE8FA6ED-F54A-0320-74CD-79015BA3585F"/>
</indexColumnUsage>
</ind_PK_UK>
<ind_PK_UK id="B805C927-BE31-9EF0-FD42-9B92059A7F0C" name="PERSONAL_RESIDENCIA_FK">
<createdBy>cami</createdBy>
<createdTime>2025-09-02 03:02:08 UTC</createdTime>
<generatorID>339F185F-99CC-1259-16F6-4912140A40ED</generatorID>
<ownerDesignName>Nodelo Entidad-Relación (MER)</ownerDesignName>
<indexState>Foreign Key</indexState>
<isSurrogateKey>false</isSurrogateKey>
<indexColumnUsage>
<colUsage columnID="8F0213A8-ADFC-1179-FADE-EFF85565BB47"/>
</indexColumnUsage>
</ind_PK_UK>
</indexes>
</Table>