<?xml version = '1.0' encoding = 'UTF-8'?>
<Table class="oracle.dbtools.crest.model.design.relational.Table" directorySegmentName="seg_0" id="9C82405C-BE26-A430-A3AD-434ACAE09A45" name="RESIDENTE">
<createdBy>cami</createdBy>
<createdTime>2025-09-02 03:02:08 UTC</createdTime>
<generatorID>C2AA04DC-22F7-39BE-785F-9EF2243002BA</generatorID>
<ownerDesignName>Nodelo Entidad-Relación (MER)</ownerDesignName>
<allowColumnReorder>false</allowColumnReorder>
<existDependencyGenerateInDDl>true</existDependencyGenerateInDDl>
<parsed>true</parsed>
<columns itemClass="oracle.dbtools.crest.model.design.relational.Column">
<Column name="rut" id="40E8CE48-1913-5756-3EB8-96D2DF373068">
<createdBy>cami</createdBy>
<createdTime>2025-09-02 03:02:08 UTC</createdTime>
<generatorID>AB527EFA-56C6-D372-AF0D-F03A0D65A4ED</generatorID>
<ownerDesignName>Nodelo Entidad-Relación (MER)</ownerDesignName>
<useDomainConstraints>false</useDomainConstraints>
<use>1</use>
<logicalDatatype>LOGDT025</logicalDatatype>
<dataTypeSize>12</dataTypeSize>
<ownDataTypeParameters>,,</ownDataTypeParameters>
<autoIncrementCycle>false</autoIncrementCycle>
<associations>
<colAssociation fkAssociation="F186BA8A-6F51-504E-8446-2720E117E007" referredColumn="028B3769-C590-7384-6B2A-9FD5B3FC6A0B"/>
</associations>
</Column>
<Column name="nombre_completo" id="148E2844-4F36-0109-EE19-B5F32AEBF135">
<createdBy>cami</createdBy>
<createdTime>2025-09-02 03:02:08 UTC</createdTime>
<generatorID>9B7609E9-4C76-C69E-8009-A0E70E2D4311</generatorID>
<ownerDesignName>Nodelo Entidad-Relación (MER)</ownerDesignName>
<useDomainConstraints>false</useDomainConstraints>
<use>1</use>
<logicalDatatype>LOGDT024</logicalDatatype>
<dataTypeSize>100</dataTypeSize>
<ownDataTypeParameters>100,,</ownDataTypeParameters>
<autoIncrementCycle>false</autoIncrementCycle>
</Column>
<Column name="telefono" id="6B5FE269-6F57-1D18-D5E9-AA23E8169F4A">
<createdBy>cami</createdBy>
<createdTime>2025-09-02 03:02:08 UTC</createdTime>
<generatorID>F2692E42-D8BC-1C85-807E-895FD1039E2D</generatorID>
<ownerDesignName>Nodelo Entidad-Relación (MER)</ownerDesignName>
<nullsAllowed>true</nullsAllowed>
<useDomainConstraints>false</useDomainConstraints>
<use>1</use>
<logicalDatatype>LOGDT019</logicalDatatype>
<dataTypePrecision>15</dataTypePrecision>
<ownDataTypeParameters>,15,</ownDataTypeParameters>
<autoIncrementCycle>false</autoIncrementCycle>
</Column>
<Column name="ANEXO_id_anexo" id="393F410D-1DA2-BE23-9A52-C4C3BA90A417">
<createdBy>cami</createdBy>
<createdTime>2025-09-02 03:02:08 UTC</createdTime>
<generatorID>F2C22BC5-B035-ACD6-7C30-44A9DCB09A72</generatorID>
<ownerDesignName>Nodelo Entidad-Relación (MER)</ownerDesignName>
<useDomainConstraints>false</useDomainConstraints>
<use>1</use>
<logicalDatatype>LOGDT024</logicalDatatype>
<dataTypeSize>10</dataTypeSize>
<ownDataTypeParameters>,,</ownDataTypeParameters>
<previousColumn>false</previousColumn>
<autoIncrementCycle>false</autoIncrementCycle>
<associations>
<colAssociation fkAssociation="36BF51BD-AB1D-C23E-05E4-0D3426E48E2E" referredColumn="C55AE929-2B65-E119-F39F-375ADE82930D"/>
</associations>
</Column>
<Column name="HABITACION_numero_habitacion" id="08E813DD-1CF1-2260-25E3-5AE466EC09B8">
<createdBy>cami</createdBy>
<createdTime>2025-09-02 03:02:08 UTC</createdTime>
<generatorID>4398219B-0B91-8DEA-CF68-F3FFA7621535</generatorID>
<ownerDesignName>Nodelo Entidad-Relación (MER)</ownerDesignName>
<useDomainConstraints>false</useDomainConstraints>
<use>1</use>
<logicalDatatype>LOGDT019</logicalDatatype>
<dataTypePrecision>5</dataTypePrecision>
<ownDataTypeParameters>,,</ownDataTypeParameters>
<previousColumn>false</previousColumn>
<autoIncrementCycle>false</autoIncrementCycle>
<associations>
<colAssociation fkAssociation="75EEE68C-F81B-E828-1EB7-856FCB256ED4" referredColumn="3742C3FF-EE95-F63D-3502-C198E86602AC"/>
</associations>
</Column>
</columns>
<indexes itemClass="oracle.dbtools.crest.model.design.relational.Index">
<ind_PK_UK id="44D1B1CE-C11B-04B4-3D67-D178CBFC0D5C" name="RESIDENTE_PK">
<createdBy>cami</createdBy>
<createdTime>2025-09-02 03:02:08 UTC</createdTime>
<generatorID>3D0B1AC7-B39A-E75C-188A-5A181A8231F0</generatorID>
<ownerDesignName>Nodelo Entidad-Relación (MER)</ownerDesignName>
<pk>true</pk>
<indexState>Primary Constraint</indexState>
<isSurrogateKey>false</isSurrogateKey>
<indexColumnUsage>
<colUsage columnID="40E8CE48-1913-5756-3EB8-96D2DF373068"/>
</indexColumnUsage>
</ind_PK_UK>
<ind_PK_UK id="2E45A7F0-F42A-28DE-0F40-07925CA33678" name="RESIDENTE__IDX">
<createdBy>cami</createdBy>
<createdTime>2025-09-02 03:02:08 UTC</createdTime>
<ownerDesignName>Nodelo Entidad-Relación (MER)</ownerDesignName>
<indexState>Unique Plain Index</indexState>
<isSurrogateKey>false</isSurrogateKey>
<relationGeneratorID>8BE10557-324F-FA0D-987D-C4E2BB4CD55A</relationGeneratorID>
<indexColumnUsage>
<colUsage columnID="393F410D-1DA2-BE23-9A52-C4C3BA90A417"/>
</indexColumnUsage>
</ind_PK_UK>
<ind_PK_UK id="E2DD346C-AD13-4137-D1D9-925B9C91D22A" name="RESIDENTE__IDXv1">
<createdBy>cami</createdBy>
<createdTime>2025-09-02 03:02:08 UTC</createdTime>
<ownerDesignName>Nodelo Entidad-Relación (MER)</ownerDesignName>
<indexState>Unique Plain Index</indexState>
<isSurrogateKey>false</isSurrogateKey>
<relationGeneratorID>2CDFD406-8558-F1C9-332C-4C2E36A5A5FF</relationGeneratorID>
<indexColumnUsage>
<colUsage columnID="08E813DD-1CF1-2260-25E3-5AE466EC09B8"/>
</indexColumnUsage>
</ind_PK_UK>
<ind_PK_UK id="DDB1D50C-B4F2-C3DB-665A-2F007DBB604E" name="RESIDENTE_PERSONA_FK">
<createdBy>cami</createdBy>
<createdTime>2025-09-02 03:02:08 UTC</createdTime>
<generatorID>E6FBDEE1-E07E-E2AE-9BAC-3749B82B16B8</generatorID>
<ownerDesignName>Nodelo Entidad-Relación (MER)</ownerDesignName>
<indexState>Foreign Key</indexState>
<isSurrogateKey>false</isSurrogateKey>
<indexColumnUsage>
<colUsage columnID="40E8CE48-1913-5756-3EB8-96D2DF373068"/>
</indexColumnUsage>
</ind_PK_UK>
<ind_PK_UK id="4547DD75-99F0-FD1E-2A5B-E89CE66C7DE6" name="RESIDENTE_ANEXO_FK">
<createdBy>cami</createdBy>
<createdTime>2025-09-02 03:02:08 UTC</createdTime>
<generatorID>8BE10557-324F-FA0D-987D-C4E2BB4CD55A</generatorID>
<ownerDesignName>Nodelo Entidad-Relación (MER)</ownerDesignName>
<indexState>Foreign Key</indexState>
<isSurrogateKey>false</isSurrogateKey>
<indexColumnUsage>
<colUsage columnID="393F410D-1DA2-BE23-9A52-C4C3BA90A417"/>
</indexColumnUsage>
</ind_PK_UK>
<ind_PK_UK id="74A5205F-5AA4-D908-0AD6-1BC95762CA96" name="RESIDENTE_HABITACION_FK">
<createdBy>cami</createdBy>
<createdTime>2025-09-02 03:02:08 UTC</createdTime>
<generatorID>2CDFD406-8558-F1C9-332C-4C2E36A5A5FF</generatorID>
<ownerDesignName>Nodelo Entidad-Relación (MER)</ownerDesignName>
<indexState>Foreign Key</indexState>
<isSurrogateKey>false</isSurrogateKey>
<indexColumnUsage>
<colUsage columnID="08E813DD-1CF1-2260-25E3-5AE466EC09B8"/>
</indexColumnUsage>
</ind_PK_UK>
</indexes>
</Table>