<?xml version = '1.0' encoding = 'UTF-8'?>
<Table class="oracle.dbtools.crest.model.design.relational.Table" directorySegmentName="seg_0" id="A8EE0D4F-FA16-8877-6F80-0EEDE6A7F407" name="ANEXO">
<createdBy>cami</createdBy>
<createdTime>2025-09-02 03:02:08 UTC</createdTime>
<generatorID>E5343EF2-F297-96C6-48B5-F1D8E3D505FE</generatorID>
<ownerDesignName>Nodelo Entidad-Relación (MER)</ownerDesignName>
<allowColumnReorder>false</allowColumnReorder>
<existDependencyGenerateInDDl>true</existDependencyGenerateInDDl>
<parsed>true</parsed>
<columns itemClass="oracle.dbtools.crest.model.design.relational.Column">
<Column name="id_anexo" id="C55AE929-2B65-E119-F39F-375ADE82930D">
<createdBy>cami</createdBy>
<createdTime>2025-09-02 03:02:08 UTC</createdTime>
<generatorID>71298DDF-EF9A-7EC1-E091-4649F394D05F</generatorID>
<ownerDesignName>Nodelo Entidad-Relación (MER)</ownerDesignName>
<useDomainConstraints>false</useDomainConstraints>
<use>1</use>
<logicalDatatype>LOGDT024</logicalDatatype>
<dataTypeSize>10</dataTypeSize>
<ownDataTypeParameters>10,,</ownDataTypeParameters>
<autoIncrementCycle>false</autoIncrementCycle>
</Column>
<Column name="fecha_inicio_estadia" id="A86F2301-36D9-5EB2-6C35-577DA753EA31">
<createdBy>cami</createdBy>
<createdTime>2025-09-02 03:02:08 UTC</createdTime>
<generatorID>910FA7A0-AAB9-DC45-F3BF-BD3A44D824DA</generatorID>
<ownerDesignName>Nodelo Entidad-Relación (MER)</ownerDesignName>
<useDomainConstraints>false</useDomainConstraints>
<use>1</use>
<logicalDatatype>LOGDT007</logicalDatatype>
<ownDataTypeParameters>,,</ownDataTypeParameters>
<autoIncrementCycle>false</autoIncrementCycle>
</Column>
<Column name="fecha_termino_estadia" id="C58A171B-700C-D652-03DB-2F7FB406A910">
<createdBy>cami</createdBy>
<createdTime>2025-09-02 03:02:08 UTC</createdTime>
<generatorID>A142EC32-A763-B73D-789C-B501B92E3AE9</generatorID>
<ownerDesignName>Nodelo Entidad-Relación (MER)</ownerDesignName>
<nullsAllowed>true</nullsAllowed>
<useDomainConstraints>false</useDomainConstraints>
<use>1</use>
<logicalDatatype>LOGDT007</logicalDatatype>
<ownDataTypeParameters>,,</ownDataTypeParameters>
<autoIncrementCycle>false</autoIncrementCycle>
</Column>
<Column name="observaciones" id="07AE53F0-CE94-A06E-5DCA-6264BDB08CE1">
<createdBy>cami</createdBy>
<createdTime>2025-09-02 03:02:08 UTC</createdTime>
<generatorID>50854D56-A30C-2298-3F02-695F01DB1A82</generatorID>
<ownerDesignName>Nodelo Entidad-Relación (MER)</ownerDesignName>
<nullsAllowed>true</nullsAllowed>
<useDomainConstraints>false</useDomainConstraints>
<use>1</use>
<logicalDatatype>LOGDT024</logicalDatatype>
<dataTypeSize>500</dataTypeSize>
<ownDataTypeParameters>500,,</ownDataTypeParameters>
<autoIncrementCycle>false</autoIncrementCycle>
</Column>
<Column name="CONTRATO_id_contrato" id="A5A551B3-F661-2848-A603-A54A2733B60A">
<createdBy>cami</createdBy>
<createdTime>2025-09-02 03:02:08 UTC</createdTime>
<generatorID>E8CA7034-C4B8-2F42-EA03-6F18D33F11AC</generatorID>
<ownerDesignName>Nodelo Entidad-Relación (MER)</ownerDesignName>
<useDomainConstraints>false</useDomainConstraints>
<use>1</use>
<logicalDatatype>LOGDT024</logicalDatatype>
<dataTypeSize>10</dataTypeSize>
<ownDataTypeParameters>,,</ownDataTypeParameters>
<previousColumn>false</previousColumn>
<autoIncrementCycle>false</autoIncrementCycle>
<associations>
<colAssociation fkAssociation="F949DABF-47E0-1304-9471-A5E0494CD2C5" referredColumn="267AD764-3362-E5AB-7F44-395CC07B6C14"/>
</associations>
</Column>
<Column name="RESIDENTE_rut" id="CA4A0EFC-02DE-22DF-B18D-042D317F6508">
<createdBy>cami</createdBy>
<createdTime>2025-09-02 03:02:08 UTC</createdTime>
<generatorID>FAE6FC4D-F3EE-538E-4ED6-ECF0071F6021</generatorID>
<ownerDesignName>Nodelo Entidad-Relación (MER)</ownerDesignName>
<useDomainConstraints>false</useDomainConstraints>
<use>1</use>
<logicalDatatype>LOGDT025</logicalDatatype>
<dataTypeSize>12</dataTypeSize>
<ownDataTypeParameters>,,</ownDataTypeParameters>
<previousColumn>false</previousColumn>
<autoIncrementCycle>false</autoIncrementCycle>
<associations>
<colAssociation fkAssociation="2B01FAAC-B22F-1267-C0A6-A3C0CCEEBAFD" referredColumn="40E8CE48-1913-5756-3EB8-96D2DF373068"/>
</associations>
</Column>
</columns>
<indexes itemClass="oracle.dbtools.crest.model.design.relational.Index">
<ind_PK_UK id="4BB7A7C1-D44B-AD16-A0FB-BAED720F1CA7" name="ANEXO_PK">
<createdBy>cami</createdBy>
<createdTime>2025-09-02 03:02:08 UTC</createdTime>
<generatorID>95E19D4D-1217-5B88-FE64-9702ABA2380D</generatorID>
<ownerDesignName>Nodelo Entidad-Relación (MER)</ownerDesignName>
<pk>true</pk>
<indexState>Primary Constraint</indexState>
<isSurrogateKey>false</isSurrogateKey>
<indexColumnUsage>
<colUsage columnID="C55AE929-2B65-E119-F39F-375ADE82930D"/>
</indexColumnUsage>
</ind_PK_UK>
<ind_PK_UK id="A7AAE6F3-83DE-E3E0-4175-23D7D4F61BAE" name="ANEXO__IDX">
<createdBy>cami</createdBy>
<createdTime>2025-09-02 03:02:08 UTC</createdTime>
<ownerDesignName>Nodelo Entidad-Relación (MER)</ownerDesignName>
<indexState>Unique Plain Index</indexState>
<isSurrogateKey>false</isSurrogateKey>
<relationGeneratorID>8BE10557-324F-FA0D-987D-C4E2BB4CD55A</relationGeneratorID>
<indexColumnUsage>
<colUsage columnID="CA4A0EFC-02DE-22DF-B18D-042D317F6508"/>
</indexColumnUsage>
</ind_PK_UK>
<ind_PK_UK id="0A75F6B8-CF9A-65F9-206E-F10E206A4EFB" name="ANEXO_CONTRATO_FK">
<createdBy>cami</createdBy>
<createdTime>2025-09-02 03:02:08 UTC</createdTime>
<generatorID>5BBDCEB4-9633-7B01-1713-7BCC3AFCB919</generatorID>
<ownerDesignName>Nodelo Entidad-Relación (MER)</ownerDesignName>
<indexState>Foreign Key</indexState>
<isSurrogateKey>false</isSurrogateKey>
<indexColumnUsage>
<colUsage columnID="A5A551B3-F661-2848-A603-A54A2733B60A"/>
</indexColumnUsage>
</ind_PK_UK>
<ind_PK_UK id="36EBA1BA-6D7A-E7D6-7FFF-D305200361FF" name="ANEXO_RESIDENTE_FK">
<createdBy>cami</createdBy>
<createdTime>2025-09-02 03:02:08 UTC</createdTime>
<generatorID>8BE10557-324F-FA0D-987D-C4E2BB4CD55A</generatorID>
<ownerDesignName>Nodelo Entidad-Relación (MER)</ownerDesignName>
<indexState>Foreign Key</indexState>
<isSurrogateKey>false</isSurrogateKey>
<indexColumnUsage>
<colUsage columnID="CA4A0EFC-02DE-22DF-B18D-042D317F6508"/>
</indexColumnUsage>
</ind_PK_UK>
</indexes>
</Table>