<?xml version = '1.0' encoding = 'UTF-8'?>
<Table class="oracle.dbtools.crest.model.design.relational.Table" directorySegmentName="seg_0" id="AF8C65B6-4640-1ABD-DF61-8AA83AC3E42F" name="APODERADO">
<createdBy>cami</createdBy>
<createdTime>2025-09-02 03:02:08 UTC</createdTime>
<generatorID>9FC17A42-F09F-66F0-98B0-B27238845053</generatorID>
<ownerDesignName>Nodelo Entidad-Relación (MER)</ownerDesignName>
<allowColumnReorder>false</allowColumnReorder>
<existDependencyGenerateInDDl>true</existDependencyGenerateInDDl>
<parsed>true</parsed>
<columns itemClass="oracle.dbtools.crest.model.design.relational.Column">
<Column name="rut" id="E98A3CF0-C5D2-F21C-0961-7EC611E2F409">
<createdBy>cami</createdBy>
<createdTime>2025-09-02 03:02:08 UTC</createdTime>
<generatorID>AB527EFA-56C6-D372-AF0D-F03A0D65A4ED</generatorID>
<ownerDesignName>Nodelo Entidad-Relación (MER)</ownerDesignName>
<useDomainConstraints>false</useDomainConstraints>
<use>1</use>
<logicalDatatype>LOGDT025</logicalDatatype>
<dataTypeSize>12</dataTypeSize>
<ownDataTypeParameters>,,</ownDataTypeParameters>
<autoIncrementCycle>false</autoIncrementCycle>
<associations>
<colAssociation fkAssociation="C4A72BE4-DB49-4B82-7E56-65EE3EE737A5" referredColumn="028B3769-C590-7384-6B2A-9FD5B3FC6A0B"/>
</associations>
</Column>
<Column name="nombre_completo" id="25703D3E-DE04-AA51-0EDF-5A9C8C8B856D">
<createdBy>cami</createdBy>
<createdTime>2025-09-02 03:02:08 UTC</createdTime>
<generatorID>9B7609E9-4C76-C69E-8009-A0E70E2D4311</generatorID>
<ownerDesignName>Nodelo Entidad-Relación (MER)</ownerDesignName>
<useDomainConstraints>false</useDomainConstraints>
<use>1</use>
<logicalDatatype>LOGDT024</logicalDatatype>
<dataTypeSize>100</dataTypeSize>
<ownDataTypeParameters>100,,</ownDataTypeParameters>
<autoIncrementCycle>false</autoIncrementCycle>
</Column>
<Column name="telefono" id="46CA8180-1E9A-63EA-7427-BE92EA9DBCBC">
<createdBy>cami</createdBy>
<createdTime>2025-09-02 03:02:08 UTC</createdTime>
<generatorID>F2692E42-D8BC-1C85-807E-895FD1039E2D</generatorID>
<ownerDesignName>Nodelo Entidad-Relación (MER)</ownerDesignName>
<nullsAllowed>true</nullsAllowed>
<useDomainConstraints>false</useDomainConstraints>
<use>1</use>
<logicalDatatype>LOGDT019</logicalDatatype>
<dataTypePrecision>15</dataTypePrecision>
<ownDataTypeParameters>,15,</ownDataTypeParameters>
<autoIncrementCycle>false</autoIncrementCycle>
</Column>
</columns>
<indexes itemClass="oracle.dbtools.crest.model.design.relational.Index">
<ind_PK_UK id="76E2F9E0-D535-638E-8853-77C827B67F64" name="APODERADO_PK">
<createdBy>cami</createdBy>
<createdTime>2025-09-02 03:02:08 UTC</createdTime>
<generatorID>3D0B1AC7-B39A-E75C-188A-5A181A8231F0</generatorID>
<ownerDesignName>Nodelo Entidad-Relación (MER)</ownerDesignName>
<pk>true</pk>
<indexState>Primary Constraint</indexState>
<isSurrogateKey>false</isSurrogateKey>
<indexColumnUsage>
<colUsage columnID="E98A3CF0-C5D2-F21C-0961-7EC611E2F409"/>
</indexColumnUsage>
</ind_PK_UK>
<ind_PK_UK id="004C739E-1C8A-6A1B-D151-B722081794C8" name="APODERADO_PERSONA_FK">
<createdBy>cami</createdBy>
<createdTime>2025-09-02 03:02:08 UTC</createdTime>
<generatorID>9C5778E6-4521-1BDB-4EF9-F54CAA17C7BF</generatorID>
<ownerDesignName>Nodelo Entidad-Relación (MER)</ownerDesignName>
<indexState>Foreign Key</indexState>
<isSurrogateKey>false</isSurrogateKey>
<indexColumnUsage>
<colUsage columnID="E98A3CF0-C5D2-F21C-0961-7EC611E2F409"/>
</indexColumnUsage>
</ind_PK_UK>
</indexes>
</Table>