<?xml version = '1.0' encoding = 'UTF-8'?>
<Table class="oracle.dbtools.crest.model.design.relational.Table" directorySegmentName="seg_0" id="F58057E9-E2F9-EDEA-7D90-ECE45A36631B" name="MÉDICO">
<createdBy>cami</createdBy>
<createdTime>2025-09-02 03:02:08 UTC</createdTime>
<generatorID>E5F29DCB-E8CB-3E7D-F294-49A5E65339A8</generatorID>
<ownerDesignName>Nodelo Entidad-Relación (MER)</ownerDesignName>
<allowColumnReorder>false</allowColumnReorder>
<existDependencyGenerateInDDl>true</existDependencyGenerateInDDl>
<parsed>true</parsed>
<columns itemClass="oracle.dbtools.crest.model.design.relational.Column">
<Column name="rut" id="2AB944BD-8B0C-5E7F-9296-00DF20B9F314">
<createdBy>cami</createdBy>
<createdTime>2025-09-02 03:02:08 UTC</createdTime>
<generatorID>AB527EFA-56C6-D372-AF0D-F03A0D65A4ED</generatorID>
<ownerDesignName>Nodelo Entidad-Relación (MER)</ownerDesignName>
<useDomainConstraints>false</useDomainConstraints>
<use>1</use>
<logicalDatatype>LOGDT025</logicalDatatype>
<dataTypeSize>12</dataTypeSize>
<ownDataTypeParameters>,,</ownDataTypeParameters>
<autoIncrementCycle>false</autoIncrementCycle>
<associations>
<colAssociation fkAssociation="A1F381E7-498F-C6F1-D58A-380CA40F7A57" referredColumn="AE8FA6ED-F54A-0320-74CD-79015BA3585F"/>
</associations>
</Column>
<Column name="especialidad" id="7BAA093B-80A7-7957-BF33-975624270C7A">
<createdBy>cami</createdBy>
<createdTime>2025-09-02 03:02:08 UTC</createdTime>
<generatorID>30756953-5251-6FE5-00E4-608FDFEAB9B4</generatorID>
<ownerDesignName>Nodelo Entidad-Relación (MER)</ownerDesignName>
<useDomainConstraints>false</useDomainConstraints>
<use>1</use>
<logicalDatatype>LOGDT024</logicalDatatype>
<dataTypeSize>100</dataTypeSize>
<ownDataTypeParameters>100,,</ownDataTypeParameters>
<autoIncrementCycle>false</autoIncrementCycle>
</Column>
<Column name="MÉDICO_rut" id="C9C767F9-E452-FA46-9967-E9D822A55C28">
<createdBy>cami</createdBy>
<createdTime>2025-09-02 03:02:08 UTC</createdTime>
<generatorID>F877DA62-A8FA-C365-E4C9-3CE9F8EE94F6</generatorID>
<ownerDesignName>Nodelo Entidad-Relación (MER)</ownerDesignName>
<useDomainConstraints>false</useDomainConstraints>
<use>1</use>
<logicalDatatype>LOGDT025</logicalDatatype>
<dataTypeSize>12</dataTypeSize>
<ownDataTypeParameters>,,</ownDataTypeParameters>
<previousColumn>false</previousColumn>
<autoIncrementCycle>false</autoIncrementCycle>
<associations>
<colAssociation fkAssociation="A17462FA-4884-835A-736F-8FA4FF6E276D" referredColumn="2AB944BD-8B0C-5E7F-9296-00DF20B9F314"/>
</associations>
</Column>
</columns>
<indexes itemClass="oracle.dbtools.crest.model.design.relational.Index">
<ind_PK_UK id="8436F43C-58E4-0181-D828-57CF3E979A11" name="MÉDICO_PK">
<createdBy>cami</createdBy>
<createdTime>2025-09-02 03:02:08 UTC</createdTime>
<generatorID>3D0B1AC7-B39A-E75C-188A-5A181A8231F0</generatorID>
<ownerDesignName>Nodelo Entidad-Relación (MER)</ownerDesignName>
<pk>true</pk>
<indexState>Primary Constraint</indexState>
<isSurrogateKey>false</isSurrogateKey>
<indexColumnUsage>
<colUsage columnID="2AB944BD-8B0C-5E7F-9296-00DF20B9F314"/>
</indexColumnUsage>
</ind_PK_UK>
<ind_PK_UK id="F7B8A90C-AA39-CBD5-6CE9-54373998C2D2" name="MÉDICO_PERSONAL_FK">
<createdBy>cami</createdBy>
<createdTime>2025-09-02 03:02:08 UTC</createdTime>
<generatorID>914655F0-7B50-6E71-1804-11DFD46E1B22</generatorID>
<ownerDesignName>Nodelo Entidad-Relación (MER)</ownerDesignName>
<indexState>Foreign Key</indexState>
<isSurrogateKey>false</isSurrogateKey>
<indexColumnUsage>
<colUsage columnID="2AB944BD-8B0C-5E7F-9296-00DF20B9F314"/>
</indexColumnUsage>
</ind_PK_UK>
<ind_PK_UK id="9EBFB5F3-8412-94CF-0FCA-AE96D57FC022" name="MÉDICO_MÉDICO_FK">
<createdBy>cami</createdBy>
<createdTime>2025-09-02 03:02:08 UTC</createdTime>
<generatorID>25512846-889E-AE45-799C-491505453BB5</generatorID>
<ownerDesignName>Nodelo Entidad-Relación (MER)</ownerDesignName>
<indexState>Foreign Key</indexState>
<isSurrogateKey>false</isSurrogateKey>
<indexColumnUsage>
<colUsage columnID="C9C767F9-E452-FA46-9967-E9D822A55C28"/>
</indexColumnUsage>
</ind_PK_UK>
</indexes>
</Table>