<?xml version = '1.0' encoding = 'UTF-8'?>
<Table class="oracle.dbtools.crest.model.design.relational.Table" directorySegmentName="seg_0" id="F6026D57-8DB5-F356-E9EB-F20EDDCA4859" name="TEMPORAL">
<createdBy>cami</createdBy>
<createdTime>2025-09-02 03:02:08 UTC</createdTime>
<generatorID>6E4A5CDB-26FA-495B-9AB8-8C5469810929</generatorID>
<ownerDesignName>Nodelo Entidad-Relación (MER)</ownerDesignName>
<allowColumnReorder>false</allowColumnReorder>
<existDependencyGenerateInDDl>true</existDependencyGenerateInDDl>
<parsed>true</parsed>
<columns itemClass="oracle.dbtools.crest.model.design.relational.Column">
<Column name="rut" id="594D73FF-2A36-D8E6-B01C-0C3AE16B548A">
<createdBy>cami</createdBy>
<createdTime>2025-09-02 03:02:08 UTC</createdTime>
<generatorID>AB527EFA-56C6-D372-AF0D-F03A0D65A4ED</generatorID>
<ownerDesignName>Nodelo Entidad-Relación (MER)</ownerDesignName>
<useDomainConstraints>false</useDomainConstraints>
<use>1</use>
<logicalDatatype>LOGDT025</logicalDatatype>
<dataTypeSize>12</dataTypeSize>
<ownDataTypeParameters>,,</ownDataTypeParameters>
<autoIncrementCycle>false</autoIncrementCycle>
<associations>
<colAssociation fkAssociation="09904048-28EA-5E75-0EFE-CD29B2C9400E" referredColumn="40E8CE48-1913-5756-3EB8-96D2DF373068"/>
</associations>
</Column>
<Column name="dias_estadia_previstos" id="64324EE3-85FF-6F2C-B377-08A23715F237">
<createdBy>cami</createdBy>
<createdTime>2025-09-02 03:02:08 UTC</createdTime>
<generatorID>F379C676-0F15-EB26-6AC0-D7F08565BC5A</generatorID>
<ownerDesignName>Nodelo Entidad-Relación (MER)</ownerDesignName>
<useDomainConstraints>false</useDomainConstraints>
<use>1</use>
<logicalDatatype>LOGDT019</logicalDatatype>
<dataTypePrecision>5</dataTypePrecision>
<ownDataTypeParameters>,5,</ownDataTypeParameters>
<autoIncrementCycle>false</autoIncrementCycle>
</Column>
</columns>
<indexes itemClass="oracle.dbtools.crest.model.design.relational.Index">
<ind_PK_UK id="D7E3E4AA-4693-94CB-5DA1-9802A347A36F" name="TEMPORAL_PK">
<createdBy>cami</createdBy>
<createdTime>2025-09-02 03:02:08 UTC</createdTime>
<generatorID>3D0B1AC7-B39A-E75C-188A-5A181A8231F0</generatorID>
<ownerDesignName>Nodelo Entidad-Relación (MER)</ownerDesignName>
<pk>true</pk>
<indexState>Primary Constraint</indexState>
<isSurrogateKey>false</isSurrogateKey>
<indexColumnUsage>
<colUsage columnID="594D73FF-2A36-D8E6-B01C-0C3AE16B548A"/>
</indexColumnUsage>
</ind_PK_UK>
<ind_PK_UK id="C613A7E0-33B3-1478-8C4C-8E78DBF407C1" name="TEMPORAL_RESIDENTE_FK">
<createdBy>cami</createdBy>
<createdTime>2025-09-02 03:02:08 UTC</createdTime>
<generatorID>454BE0E0-1394-3249-2438-DAAFF2B417AF</generatorID>
<ownerDesignName>Nodelo Entidad-Relación (MER)</ownerDesignName>
<indexState>Foreign Key</indexState>
<isSurrogateKey>false</isSurrogateKey>
<indexColumnUsage>
<colUsage columnID="594D73FF-2A36-D8E6-B01C-0C3AE16B548A"/>
</indexColumnUsage>
</ind_PK_UK>
</indexes>
</Table>