<?xml version = '1.0' encoding = 'UTF-8'?>
<FKIndexAssociation class="oracle.dbtools.crest.model.design.relational.FKIndexAssociation" directorySegmentName="seg_0" id="09904048-28EA-5E75-0EFE-CD29B2C9400E" containerWithKeyObject="F6026D57-8DB5-F356-E9EB-F20EDDCA4859" localFKIndex="C613A7E0-33B3-1478-8C4C-8E78DBF407C1" name="TEMPORAL_RESIDENTE_FK">
<createdBy>cami</createdBy>
<createdTime>2025-09-02 03:02:08 UTC</createdTime>
<generatorID>454BE0E0-1394-3249-2438-DAAFF2B417AF</generatorID>
<ownerDesignName>Nodelo Entidad-Relación (MER)</ownerDesignName>
<referredTableLongName>RESIDENTE</referredTableLongName>
<arc>5C066FB7-0C4A-26AC-A3C4-68E4A68D1873</arc>
<deleteRule>NO ACTION</deleteRule>
<referredTableID>9C82405C-BE26-A430-A3AD-434ACAE09A45</referredTableID>
<keyObject>44D1B1CE-C11B-04B4-3D67-D178CBFC0D5C</keyObject>
<referredKeyID>44D1B1CE-C11B-04B4-3D67-D178CBFC0D5C</referredKeyID>
<mandatory>true</mandatory>
<refColNames>rut</refColNames>
<transferable>true</transferable>
<rely>false</rely>
<columnDependencyConstraintGenerateInDDL>true</columnDependencyConstraintGenerateInDDL>
</FKIndexAssociation>