<?xml version = '1.0' encoding = 'UTF-8'?>
<FKIndexAssociation class="oracle.dbtools.crest.model.design.relational.FKIndexAssociation" directorySegmentName="seg_0" id="2A7896C3-AC9A-AD6E-5FD6-5E16E40359D4" containerWithKeyObject="E3B4A3CA-AD14-184E-BDB9-422F38A611EB" localFKIndex="AEEA6713-4E1C-2FDB-2755-9260EF2B1B86" name="PERMANENTE_RESIDENTE_FK">
<createdBy>cami</createdBy>
<createdTime>2025-09-02 03:02:08 UTC</createdTime>
<generatorID>33A8645D-652F-E342-148E-8D47ECE88A5E</generatorID>
<ownerDesignName>Nodelo Entidad-Relación (MER)</ownerDesignName>
<referredTableLongName>RESIDENTE</referredTableLongName>
<arc>5C066FB7-0C4A-26AC-A3C4-68E4A68D1873</arc>
<deleteRule>NO ACTION</deleteRule>
<referredTableID>9C82405C-BE26-A430-A3AD-434ACAE09A45</referredTableID>
<keyObject>44D1B1CE-C11B-04B4-3D67-D178CBFC0D5C</keyObject>
<referredKeyID>44D1B1CE-C11B-04B4-3D67-D178CBFC0D5C</referredKeyID>
<mandatory>true</mandatory>
<refColNames>rut</refColNames>
<transferable>true</transferable>
<rely>false</rely>
<columnDependencyConstraintGenerateInDDL>true</columnDependencyConstraintGenerateInDDL>
</FKIndexAssociation>