<?xml version = '1.0' encoding = 'UTF-8'?>
<FKIndexAssociation class="oracle.dbtools.crest.model.design.relational.FKIndexAssociation" directorySegmentName="seg_0" id="2B01FAAC-B22F-1267-C0A6-A3C0CCEEBAFD" containerWithKeyObject="A8EE0D4F-FA16-8877-6F80-0EEDE6A7F407" localFKIndex="36EBA1BA-6D7A-E7D6-7FFF-D305200361FF" name="ANEXO_RESIDENTE_FK">
<createdBy>cami</createdBy>
<createdTime>2025-09-02 03:02:08 UTC</createdTime>
<generatorID>8BE10557-324F-FA0D-987D-C4E2BB4CD55A</generatorID>
<ownerDesignName>Nodelo Entidad-Relación (MER)</ownerDesignName>
<referredTableLongName>RESIDENTE</referredTableLongName>
<deleteRule>NO ACTION</deleteRule>
<referredTableID>9C82405C-BE26-A430-A3AD-434ACAE09A45</referredTableID>
<keyObject>44D1B1CE-C11B-04B4-3D67-D178CBFC0D5C</keyObject>
<referredKeyID>44D1B1CE-C11B-04B4-3D67-D178CBFC0D5C</referredKeyID>
<mandatory>true</mandatory>
<refColNames>rut</refColNames>
<transferable>true</transferable>
<rely>false</rely>
<columnDependencyConstraintGenerateInDDL>true</columnDependencyConstraintGenerateInDDL>
</FKIndexAssociation>