<?xml version = '1.0' encoding = 'UTF-8'?>
<FKIndexAssociation class="oracle.dbtools.crest.model.design.relational.FKIndexAssociation" directorySegmentName="seg_0" id="2D62A3AE-AA34-B0D3-5279-FCB772B559EF" containerWithKeyObject="937FD64F-207F-A61B-97ED-FE62CE0E887F" localFKIndex="B805C927-BE31-9EF0-FD42-9B92059A7F0C" name="PERSONAL_RESIDENCIA_FK">
<createdBy>cami</createdBy>
<createdTime>2025-09-02 03:02:08 UTC</createdTime>
<generatorID>339F185F-99CC-1259-16F6-4912140A40ED</generatorID>
<ownerDesignName>Nodelo Entidad-Relación (MER)</ownerDesignName>
<referredTableLongName>RESIDENCIA</referredTableLongName>
<deleteRule>NO ACTION</deleteRule>
<referredTableID>602133BD-4C82-C648-9434-2D0B03A3BE34</referredTableID>
<keyObject>32554D94-1A0C-778D-67DD-7154402616A2</keyObject>
<referredKeyID>32554D94-1A0C-778D-67DD-7154402616A2</referredKeyID>
<mandatory>true</mandatory>
<refColNames>id_residencia</refColNames>
<transferable>true</transferable>
<rely>false</rely>
<columnDependencyConstraintGenerateInDDL>true</columnDependencyConstraintGenerateInDDL>
</FKIndexAssociation>