<?xml version = '1.0' encoding = 'UTF-8'?>
<FKIndexAssociation class="oracle.dbtools.crest.model.design.relational.FKIndexAssociation" directorySegmentName="seg_0" id="36BF51BD-AB1D-C23E-05E4-0D3426E48E2E" containerWithKeyObject="9C82405C-BE26-A430-A3AD-434ACAE09A45" localFKIndex="4547DD75-99F0-FD1E-2A5B-E89CE66C7DE6" name="RESIDENTE_ANEXO_FK">
<createdBy>cami</createdBy>
<createdTime>2025-09-02 03:02:08 UTC</createdTime>
<generatorID>8BE10557-324F-FA0D-987D-C4E2BB4CD55A</generatorID>
<ownerDesignName>Nodelo Entidad-Relación (MER)</ownerDesignName>
<referredTableLongName>ANEXO</referredTableLongName>
<deleteRule>NO ACTION</deleteRule>
<referredTableID>A8EE0D4F-FA16-8877-6F80-0EEDE6A7F407</referredTableID>
<keyObject>4BB7A7C1-D44B-AD16-A0FB-BAED720F1CA7</keyObject>
<referredKeyID>4BB7A7C1-D44B-AD16-A0FB-BAED720F1CA7</referredKeyID>
<mandatory>true</mandatory>
<refColNames>id_anexo</refColNames>
<transferable>true</transferable>
<rely>false</rely>
<columnDependencyConstraintGenerateInDDL>true</columnDependencyConstraintGenerateInDDL>
</FKIndexAssociation>