<?xml version = '1.0' encoding = 'UTF-8'?>
<FKIndexAssociation class="oracle.dbtools.crest.model.design.relational.FKIndexAssociation" directorySegmentName="seg_0" id="3A988493-63F6-41E6-77F2-FCBBAF7C8CAE" containerWithKeyObject="357377FE-2902-E466-FD48-9627805C8651" localFKIndex="75382CC9-AEF3-8675-7CB0-39CE9CCC76F4" name="HABITACION_RESIDENCIA_FK">
<createdBy>cami</createdBy>
<createdTime>2025-09-02 03:02:08 UTC</createdTime>
<generatorID>753DD567-84FE-ED9B-0C0A-C9737FF62DE5</generatorID>
<ownerDesignName>Nodelo Entidad-Relación (MER)</ownerDesignName>
<referredTableLongName>RESIDENCIA</referredTableLongName>
<deleteRule>NO ACTION</deleteRule>
<referredTableID>602133BD-4C82-C648-9434-2D0B03A3BE34</referredTableID>
<keyObject>32554D94-1A0C-778D-67DD-7154402616A2</keyObject>
<referredKeyID>32554D94-1A0C-778D-67DD-7154402616A2</referredKeyID>
<mandatory>true</mandatory>
<refColNames>id_residencia</refColNames>
<transferable>true</transferable>
<rely>false</rely>
<columnDependencyConstraintGenerateInDDL>true</columnDependencyConstraintGenerateInDDL>
</FKIndexAssociation>