<?xml version = '1.0' encoding = 'UTF-8'?>
<FKIndexAssociation class="oracle.dbtools.crest.model.design.relational.FKIndexAssociation" directorySegmentName="seg_0" id="543BCB87-4DBD-B38D-82F9-5066836AE60B" containerWithKeyObject="937FD64F-207F-A61B-97ED-FE62CE0E887F" localFKIndex="2B1C6BDD-1A97-0C23-A631-8B35DBB7DCF9" name="PERSONAL_PERSONA_FK">
<createdBy>cami</createdBy>
<createdTime>2025-09-02 03:02:08 UTC</createdTime>
<generatorID>16E57B8E-124B-3AFE-1763-6D591D45AB97</generatorID>
<ownerDesignName>Nodelo Entidad-Relación (MER)</ownerDesignName>
<referredTableLongName>PERSONA</referredTableLongName>
<arc>DE84D8FA-9EED-C65C-431F-79DAC3AF8496</arc>
<deleteRule>NO ACTION</deleteRule>
<referredTableID>BDA53A44-D112-AA50-0204-998B17B1A74C</referredTableID>
<keyObject>028A5226-A3E2-0121-E5A4-64BE48137215</keyObject>
<referredKeyID>028A5226-A3E2-0121-E5A4-64BE48137215</referredKeyID>
<mandatory>true</mandatory>
<refColNames>rut</refColNames>
<transferable>true</transferable>
<rely>false</rely>
<discriminatorValue>PERSONAL</discriminatorValue>
<columnDependencyConstraintGenerateInDDL>true</columnDependencyConstraintGenerateInDDL>
</FKIndexAssociation>