<?xml version = '1.0' encoding = 'UTF-8'?>
<FKIndexAssociation class="oracle.dbtools.crest.model.design.relational.FKIndexAssociation" directorySegmentName="seg_0" id="75EEE68C-F81B-E828-1EB7-856FCB256ED4" containerWithKeyObject="9C82405C-BE26-A430-A3AD-434ACAE09A45" localFKIndex="74A5205F-5AA4-D908-0AD6-1BC95762CA96" name="RESIDENTE_HABITACION_FK">
<createdBy>cami</createdBy>
<createdTime>2025-09-02 03:02:08 UTC</createdTime>
<generatorID>2CDFD406-8558-F1C9-332C-4C2E36A5A5FF</generatorID>
<ownerDesignName>Nodelo Entidad-Relación (MER)</ownerDesignName>
<referredTableLongName>HABITACION</referredTableLongName>
<deleteRule>NO ACTION</deleteRule>
<referredTableID>357377FE-2902-E466-FD48-9627805C8651</referredTableID>
<keyObject>B94CC267-143D-00C1-E906-1383284DA6AC</keyObject>
<referredKeyID>B94CC267-143D-00C1-E906-1383284DA6AC</referredKeyID>
<mandatory>true</mandatory>
<refColNames>numero_habitacion</refColNames>
<transferable>true</transferable>
<rely>false</rely>
<columnDependencyConstraintGenerateInDDL>true</columnDependencyConstraintGenerateInDDL>
</FKIndexAssociation>