<?xml version = '1.0' encoding = 'UTF-8'?>
<FKIndexAssociation class="oracle.dbtools.crest.model.design.relational.FKIndexAssociation" directorySegmentName="seg_0" id="77E7D339-FF84-C732-A462-DDD786ED3158" containerWithKeyObject="E25FA8F9-9DD7-A6EE-DAD7-92F300478BAD" localFKIndex="D44CA8CE-7E37-49DF-A467-6332F12F01B7" name="CONTRATO_APODERADO_FK">
<createdBy>cami</createdBy>
<createdTime>2025-09-02 03:02:08 UTC</createdTime>
<generatorID>FC9FE1A0-6FF9-CD7C-7D5D-7636BD7140F0</generatorID>
<ownerDesignName>Nodelo Entidad-Relación (MER)</ownerDesignName>
<referredTableLongName>APODERADO</referredTableLongName>
<deleteRule>NO ACTION</deleteRule>
<referredTableID>AF8C65B6-4640-1ABD-DF61-8AA83AC3E42F</referredTableID>
<keyObject>76E2F9E0-D535-638E-8853-77C827B67F64</keyObject>
<referredKeyID>76E2F9E0-D535-638E-8853-77C827B67F64</referredKeyID>
<mandatory>true</mandatory>
<refColNames>rut</refColNames>
<transferable>true</transferable>
<rely>false</rely>
<columnDependencyConstraintGenerateInDDL>true</columnDependencyConstraintGenerateInDDL>
</FKIndexAssociation>