<?xml version = '1.0' encoding = 'UTF-8'?>
<FKIndexAssociation class="oracle.dbtools.crest.model.design.relational.FKIndexAssociation" directorySegmentName="seg_0" id="91E946D8-443A-93C8-77A2-1D4DD8BE6322" containerWithKeyObject="26C69F97-8662-253C-4FF5-62E871A0CA09" localFKIndex="FB6F7B23-B301-09A3-C3F1-CD26366EEF08" name="CUIDADOR_PERSONAL_FK">
<createdBy>cami</createdBy>
<createdTime>2025-09-02 03:02:08 UTC</createdTime>
<generatorID>1698EE4C-8B88-3025-CE0E-50007FBDB664</generatorID>
<ownerDesignName>Nodelo Entidad-Relación (MER)</ownerDesignName>
<referredTableLongName>PERSONAL</referredTableLongName>
<arc>3174C412-F8E9-4F7C-C57E-BA4DC3A70827</arc>
<deleteRule>NO ACTION</deleteRule>
<referredTableID>937FD64F-207F-A61B-97ED-FE62CE0E887F</referredTableID>
<keyObject>D9F5F774-5E36-9183-BD29-C74D55079296</keyObject>
<referredKeyID>D9F5F774-5E36-9183-BD29-C74D55079296</referredKeyID>
<mandatory>true</mandatory>
<refColNames>rut</refColNames>
<transferable>true</transferable>
<rely>false</rely>
<columnDependencyConstraintGenerateInDDL>true</columnDependencyConstraintGenerateInDDL>
</FKIndexAssociation>