<?xml version = '1.0' encoding = 'UTF-8'?>
<FKIndexAssociation class="oracle.dbtools.crest.model.design.relational.FKIndexAssociation" directorySegmentName="seg_0" id="A17462FA-4884-835A-736F-8FA4FF6E276D" containerWithKeyObject="F58057E9-E2F9-EDEA-7D90-ECE45A36631B" localFKIndex="9EBFB5F3-8412-94CF-0FCA-AE96D57FC022" name="MÉDICO_MÉDICO_FK">
<createdBy>cami</createdBy>
<createdTime>2025-09-02 03:02:08 UTC</createdTime>
<generatorID>25512846-889E-AE45-799C-491505453BB5</generatorID>
<ownerDesignName>Nodelo Entidad-Relación (MER)</ownerDesignName>
<referredTableLongName>MÉDICO</referredTableLongName>
<deleteRule>NO ACTION</deleteRule>
<referredTableID>F58057E9-E2F9-EDEA-7D90-ECE45A36631B</referredTableID>
<keyObject>8436F43C-58E4-0181-D828-57CF3E979A11</keyObject>
<referredKeyID>8436F43C-58E4-0181-D828-57CF3E979A11</referredKeyID>
<mandatory>true</mandatory>
<refColNames>rut</refColNames>
<transferable>true</transferable>
<rely>false</rely>
<columnDependencyConstraintGenerateInDDL>true</columnDependencyConstraintGenerateInDDL>
</FKIndexAssociation>