<?xml version = '1.0' encoding = 'UTF-8'?>
<FKIndexAssociation class="oracle.dbtools.crest.model.design.relational.FKIndexAssociation" directorySegmentName="seg_0" id="A1F381E7-498F-C6F1-D58A-380CA40F7A57" containerWithKeyObject="F58057E9-E2F9-EDEA-7D90-ECE45A36631B" localFKIndex="F7B8A90C-AA39-CBD5-6CE9-54373998C2D2" name="MÉDICO_PERSONAL_FK">
<createdBy>cami</createdBy>
<createdTime>2025-09-02 03:02:08 UTC</createdTime>
<generatorID>914655F0-7B50-6E71-1804-11DFD46E1B22</generatorID>
<ownerDesignName>Nodelo Entidad-Relación (MER)</ownerDesignName>
<referredTableLongName>PERSONAL</referredTableLongName>
<arc>3174C412-F8E9-4F7C-C57E-BA4DC3A70827</arc>
<deleteRule>NO ACTION</deleteRule>
<referredTableID>937FD64F-207F-A61B-97ED-FE62CE0E887F</referredTableID>
<keyObject>D9F5F774-5E36-9183-BD29-C74D55079296</keyObject>
<referredKeyID>D9F5F774-5E36-9183-BD29-C74D55079296</referredKeyID>
<mandatory>true</mandatory>
<refColNames>rut</refColNames>
<transferable>true</transferable>
<rely>false</rely>
<columnDependencyConstraintGenerateInDDL>true</columnDependencyConstraintGenerateInDDL>
</FKIndexAssociation>