<?xml version = '1.0' encoding = 'UTF-8'?>
<FKIndexAssociation class="oracle.dbtools.crest.model.design.relational.FKIndexAssociation" directorySegmentName="seg_0" id="C4A72BE4-DB49-4B82-7E56-65EE3EE737A5" containerWithKeyObject="AF8C65B6-4640-1ABD-DF61-8AA83AC3E42F" localFKIndex="004C739E-1C8A-6A1B-D151-B722081794C8" name="APODERADO_PERSONA_FK">
<createdBy>cami</createdBy>
<createdTime>2025-09-02 03:02:08 UTC</createdTime>
<generatorID>9C5778E6-4521-1BDB-4EF9-F54CAA17C7BF</generatorID>
<ownerDesignName>Nodelo Entidad-Relación (MER)</ownerDesignName>
<referredTableLongName>PERSONA</referredTableLongName>
<arc>DE84D8FA-9EED-C65C-431F-79DAC3AF8496</arc>
<deleteRule>NO ACTION</deleteRule>
<referredTableID>BDA53A44-D112-AA50-0204-998B17B1A74C</referredTableID>
<keyObject>028A5226-A3E2-0121-E5A4-64BE48137215</keyObject>
<referredKeyID>028A5226-A3E2-0121-E5A4-64BE48137215</referredKeyID>
<mandatory>true</mandatory>
<refColNames>rut</refColNames>
<transferable>true</transferable>
<rely>false</rely>
<discriminatorValue>APODERADO</discriminatorValue>
<columnDependencyConstraintGenerateInDDL>true</columnDependencyConstraintGenerateInDDL>
</FKIndexAssociation>