<?xml version = '1.0' encoding = 'UTF-8'?>
<FKIndexAssociation class="oracle.dbtools.crest.model.design.relational.FKIndexAssociation" directorySegmentName="seg_0" id="F186BA8A-6F51-504E-8446-2720E117E007" containerWithKeyObject="9C82405C-BE26-A430-A3AD-434ACAE09A45" localFKIndex="DDB1D50C-B4F2-C3DB-665A-2F007DBB604E" name="RESIDENTE_PERSONA_FK">
<createdBy>cami</createdBy>
<createdTime>2025-09-02 03:02:08 UTC</createdTime>
<generatorID>E6FBDEE1-E07E-E2AE-9BAC-3749B82B16B8</generatorID>
<ownerDesignName>Nodelo Entidad-Relación (MER)</ownerDesignName>
<referredTableLongName>PERSONA</referredTableLongName>
<arc>DE84D8FA-9EED-C65C-431F-79DAC3AF8496</arc>
<deleteRule>NO ACTION</deleteRule>
<referredTableID>BDA53A44-D112-AA50-0204-998B17B1A74C</referredTableID>
<keyObject>028A5226-A3E2-0121-E5A4-64BE48137215</keyObject>
<referredKeyID>028A5226-A3E2-0121-E5A4-64BE48137215</referredKeyID>
<mandatory>true</mandatory>
<refColNames>rut</refColNames>
<transferable>true</transferable>
<rely>false</rely>
<discriminatorValue>RESIDENTE</discriminatorValue>
<columnDependencyConstraintGenerateInDDL>true</columnDependencyConstraintGenerateInDDL>
</FKIndexAssociation>