<?xml version = '1.0' encoding = 'UTF-8'?>
<FKIndexAssociation class="oracle.dbtools.crest.model.design.relational.FKIndexAssociation" directorySegmentName="seg_0" id="F949DABF-47E0-1304-9471-A5E0494CD2C5" containerWithKeyObject="A8EE0D4F-FA16-8877-6F80-0EEDE6A7F407" localFKIndex="0A75F6B8-CF9A-65F9-206E-F10E206A4EFB" name="ANEXO_CONTRATO_FK">
<createdBy>cami</createdBy>
<createdTime>2025-09-02 03:02:08 UTC</createdTime>
<generatorID>5BBDCEB4-9633-7B01-1713-7BCC3AFCB919</generatorID>
<ownerDesignName>Nodelo Entidad-Relación (MER)</ownerDesignName>
<referredTableLongName>CONTRATO</referredTableLongName>
<deleteRule>NO ACTION</deleteRule>
<referredTableID>E25FA8F9-9DD7-A6EE-DAD7-92F300478BAD</referredTableID>
<keyObject>7B6530E3-6E5A-7CF1-CC7D-23A90B8282DC</keyObject>
<referredKeyID>7B6530E3-6E5A-7CF1-CC7D-23A90B8282DC</referredKeyID>
<mandatory>true</mandatory>
<refColNames>id_contrato</refColNames>
<transferable>true</transferable>
<rely>false</rely>
<columnDependencyConstraintGenerateInDDL>true</columnDependencyConstraintGenerateInDDL>
</FKIndexAssociation>